name,artists,danceability,energy,key,loudness,mode,speechiness,acousticness,instrumentalness,liveness,valence,tempo,type,audio_features,id,uri,track_href,analysis_url,duration_ms,time_signature,target
Video Killed The Radio Star,The Presidents Of The United States Of America,0.578,0.713,1,-6.868,1,0.0578,0.184,0,0.102,0.741,140.72,audio_features,,7wck5ORA8dJB8To9rc10gi,spotify:track:7wck5ORA8dJB8To9rc10gi,https://api.spotify.com/v1/tracks/7wck5ORA8dJB8To9rc10gi,https://api.spotify.com/v1/audio-analysis/7wck5ORA8dJB8To9rc10gi,202733,4,liked
The Distance,Cake,0.463,0.749,11,-8.118,0,0.0891,0.00796,0.00219,0.0558,0.888,183.048,audio_features,,0xMEF2WiqKWTIG7Krjungw,spotify:track:0xMEF2WiqKWTIG7Krjungw,https://api.spotify.com/v1/tracks/0xMEF2WiqKWTIG7Krjungw,https://api.spotify.com/v1/audio-analysis/0xMEF2WiqKWTIG7Krjungw,179653,4,liked
The Road,The Finches,0.756,0.307,9,-9.173,0,0.0272,0.712,2.37e-05,0.158,0.231,108.465,audio_features,,69mHZQCkrGvFysOE1zrZ0B,spotify:track:69mHZQCkrGvFysOE1zrZ0B,https://api.spotify.com/v1/tracks/69mHZQCkrGvFysOE1zrZ0B,https://api.spotify.com/v1/audio-analysis/69mHZQCkrGvFysOE1zrZ0B,281120,4,liked
Rot,DBMK,0.688,0.684,0,-4.757,1,0.0622,0.223,0,0.111,0.587,120.092,audio_features,,5c3vwFnshSZyqCVbFY5zfw,spotify:track:5c3vwFnshSZyqCVbFY5zfw,https://api.spotify.com/v1/tracks/5c3vwFnshSZyqCVbFY5zfw,https://api.spotify.com/v1/audio-analysis/5c3vwFnshSZyqCVbFY5zfw,238000,4,liked
Sinister Sound,The Kite Machine,0.629,0.539,11,-9.134,0,0.106,0.0264,0.00225,0.0625,0.584,172.011,audio_features,,5mFUfMAcUAzu5n5nfk5dOb,spotify:track:5mFUfMAcUAzu5n5nfk5dOb,https://api.spotify.com/v1/tracks/5mFUfMAcUAzu5n5nfk5dOb,https://api.spotify.com/v1/audio-analysis/5mFUfMAcUAzu5n5nfk5dOb,217449,4,liked
burnt and worn out,fredo disco,0.687,0.48,2,-6.785,1,0.0361,0.0338,0,0.308,0.771,131.995,audio_features,,6GajatQq3cCxzrPAxzWUrS,spotify:track:6GajatQq3cCxzrPAxzWUrS,https://api.spotify.com/v1/tracks/6GajatQq3cCxzrPAxzWUrS,https://api.spotify.com/v1/audio-analysis/6GajatQq3cCxzrPAxzWUrS,213331,4,liked
Post Modern Fade,Cottonwood Firing Squad,0.852,0.451,2,-12.818,1,0.0463,0.41,0.0279,0.109,0.965,119.965,audio_features,,0dvaooNkLN3AMthU4VCWgK,spotify:track:0dvaooNkLN3AMthU4VCWgK,https://api.spotify.com/v1/tracks/0dvaooNkLN3AMthU4VCWgK,https://api.spotify.com/v1/audio-analysis/0dvaooNkLN3AMthU4VCWgK,103937,4,liked
didya think,Arlie,0.468,0.89,4,-2.974,1,0.0701,0.00415,1.21e-05,0.508,0.709,140.265,audio_features,,4HOg84QsolNLzNp08qZ3sX,spotify:track:4HOg84QsolNLzNp08qZ3sX,https://api.spotify.com/v1/tracks/4HOg84QsolNLzNp08qZ3sX,https://api.spotify.com/v1/audio-analysis/4HOg84QsolNLzNp08qZ3sX,200467,4,liked
Seven Wonders,Bowerbirds,0.652,0.665,2,-9.707,1,0.137,0.275,0,0.0913,0.82,116.024,audio_features,,42t8R5VKOu8JCODeOfAq3T,spotify:track:42t8R5VKOu8JCODeOfAq3T,https://api.spotify.com/v1/tracks/42t8R5VKOu8JCODeOfAq3T,https://api.spotify.com/v1/audio-analysis/42t8R5VKOu8JCODeOfAq3T,176956,4,liked
Kool Girl,Seasalt,0.824,0.683,9,-9.473,0,0.0487,0.125,4.74e-05,0.0637,0.757,124.051,audio_features,,6YNjQUFByeYN29whlsSJXj,spotify:track:6YNjQUFByeYN29whlsSJXj,https://api.spotify.com/v1/tracks/6YNjQUFByeYN29whlsSJXj,https://api.spotify.com/v1/audio-analysis/6YNjQUFByeYN29whlsSJXj,225986,4,liked
Out of Tune,The Backseat Lovers,0.435,0.526,8,-8.624,1,0.0444,0.011,1.64e-05,0.145,0.538,95.942,audio_features,,2PAPBCPdmMd9QWqE3eo5ai,spotify:track:2PAPBCPdmMd9QWqE3eo5ai,https://api.spotify.com/v1/tracks/2PAPBCPdmMd9QWqE3eo5ai,https://api.spotify.com/v1/audio-analysis/2PAPBCPdmMd9QWqE3eo5ai,307478,4,liked
She's Alright,Fashion Jackson,0.339,0.462,6,-13.578,1,0.0499,0.00289,4.3e-05,0.259,0.335,162.671,audio_features,,2g4g6bzF7lgSjEhK19Hztv,spotify:track:2g4g6bzF7lgSjEhK19Hztv,https://api.spotify.com/v1/tracks/2g4g6bzF7lgSjEhK19Hztv,https://api.spotify.com/v1/audio-analysis/2g4g6bzF7lgSjEhK19Hztv,292174,4,liked
Paris,Tigers in the Sky,0.694,0.58,2,-11.162,1,0.0267,0.812,0.000977,0.13,0.36,113.643,audio_features,,2dEVdJTq79QElGsZgx5rFP,spotify:track:2dEVdJTq79QElGsZgx5rFP,https://api.spotify.com/v1/tracks/2dEVdJTq79QElGsZgx5rFP,https://api.spotify.com/v1/audio-analysis/2dEVdJTq79QElGsZgx5rFP,174507,4,liked
Sweet Dream,Sarah and the Sundays,0.525,0.567,7,-8.596,1,0.0328,0.382,0.00122,0.304,0.718,159.895,audio_features,,2q1xeWDzcuFXIzEH1zyyn1,spotify:track:2q1xeWDzcuFXIzEH1zyyn1,https://api.spotify.com/v1/tracks/2q1xeWDzcuFXIzEH1zyyn1,https://api.spotify.com/v1/audio-analysis/2q1xeWDzcuFXIzEH1zyyn1,156756,4,liked
Grass Eater,The Mellowells,0.622,0.785,7,-7.018,1,0.03,0.134,3.94e-05,0.108,0.747,111.977,audio_features,,08VmsF8pxSVk0cWPAGdSj2,spotify:track:08VmsF8pxSVk0cWPAGdSj2,https://api.spotify.com/v1/tracks/08VmsF8pxSVk0cWPAGdSj2,https://api.spotify.com/v1/audio-analysis/08VmsF8pxSVk0cWPAGdSj2,228680,4,liked
life!,fredo disco,0.443,0.905,11,-6.662,0,0.0759,0.148,0.000195,0.364,0.947,177.527,audio_features,,1fDsPpyR4utXvOFc9cefJt,spotify:track:1fDsPpyR4utXvOFc9cefJt,https://api.spotify.com/v1/tracks/1fDsPpyR4utXvOFc9cefJt,https://api.spotify.com/v1/audio-analysis/1fDsPpyR4utXvOFc9cefJt,146347,4,liked
Hope You Do,Cinders,0.735,0.418,0,-8.449,1,0.0451,0.143,5.48e-06,0.0776,0.284,139.977,audio_features,,00qRk4psq7Q75yWrlN0SBC,spotify:track:00qRk4psq7Q75yWrlN0SBC,https://api.spotify.com/v1/tracks/00qRk4psq7Q75yWrlN0SBC,https://api.spotify.com/v1/audio-analysis/00qRk4psq7Q75yWrlN0SBC,289878,4,liked
Coffee,Early Eyes,0.66,0.635,10,-8.779,1,0.158,0.354,0.00427,0.307,0.804,163.081,audio_features,,6WHPgaIiWqPVdKJXaBoeHK,spotify:track:6WHPgaIiWqPVdKJXaBoeHK,https://api.spotify.com/v1/tracks/6WHPgaIiWqPVdKJXaBoeHK,https://api.spotify.com/v1/audio-analysis/6WHPgaIiWqPVdKJXaBoeHK,168752,4,liked
Poison the Well,Modest Mouse,0.622,0.962,4,-2.816,0,0.091,0.00391,0,0.101,0.506,129.023,audio_features,,3MEKjJbXIyMT54hxEZnkrz,spotify:track:3MEKjJbXIyMT54hxEZnkrz,https://api.spotify.com/v1/tracks/3MEKjJbXIyMT54hxEZnkrz,https://api.spotify.com/v1/audio-analysis/3MEKjJbXIyMT54hxEZnkrz,144053,4,liked
The Ghost Who Walks,Karen Elson,0.476,0.765,0,-5.914,0,0.045,0.238,0.0185,0.0832,0.325,89.872,audio_features,,5B4UpK5ajp6bCoiYgArfwB,spotify:track:5B4UpK5ajp6bCoiYgArfwB,https://api.spotify.com/v1/tracks/5B4UpK5ajp6bCoiYgArfwB,https://api.spotify.com/v1/audio-analysis/5B4UpK5ajp6bCoiYgArfwB,182027,4,liked
Lampshades on Fire,Modest Mouse,0.659,0.906,7,-3.906,0,0.0428,0.156,3.27e-06,0.105,0.792,94.997,audio_features,,5jJ69cMDMC0aeWPjZo6VP2,spotify:track:5jJ69cMDMC0aeWPjZo6VP2,https://api.spotify.com/v1/tracks/5jJ69cMDMC0aeWPjZo6VP2,https://api.spotify.com/v1/audio-analysis/5jJ69cMDMC0aeWPjZo6VP2,187720,4,liked
Chimes,Bowerbirds,0.563,0.567,11,-8.595,1,0.0279,0.00958,0.156,0.116,0.311,120.069,audio_features,,66OIHUWrZQFTvNjzSsPwtF,spotify:track:66OIHUWrZQFTvNjzSsPwtF,https://api.spotify.com/v1/tracks/66OIHUWrZQFTvNjzSsPwtF,https://api.spotify.com/v1/audio-analysis/66OIHUWrZQFTvNjzSsPwtF,258000,4,liked
No Phone,Cake,0.534,0.669,9,-7.3,0,0.0907,0.137,0.000221,0.0881,0.775,181.839,audio_features,,0VYW3wl6t6MG8HpAOzQkh2,spotify:track:0VYW3wl6t6MG8HpAOzQkh2,https://api.spotify.com/v1/tracks/0VYW3wl6t6MG8HpAOzQkh2,https://api.spotify.com/v1/audio-analysis/0VYW3wl6t6MG8HpAOzQkh2,232027,4,liked
Death Wish,Bowerbirds,0.508,0.517,0,-11.14,1,0.0373,0.753,0.00173,0.304,0.227,142.073,audio_features,,3QKkI2NZCBVideuFIojYq7,spotify:track:3QKkI2NZCBVideuFIojYq7,https://api.spotify.com/v1/tracks/3QKkI2NZCBVideuFIojYq7,https://api.spotify.com/v1/audio-analysis/3QKkI2NZCBVideuFIojYq7,256360,3,liked
The Marbled Godwit,Bowerbirds,0.514,0.108,9,-11.991,0,0.0401,0.98,0.000104,0.123,0.234,115.929,audio_features,,5IvdwdSwFmHJBhmFmycQEy,spotify:track:5IvdwdSwFmHJBhmFmycQEy,https://api.spotify.com/v1/tracks/5IvdwdSwFmHJBhmFmycQEy,https://api.spotify.com/v1/audio-analysis/5IvdwdSwFmHJBhmFmycQEy,240147,5,liked
Radio Silence,Sarah and the Sundays,0.657,0.373,9,-8.674,0,0.0283,0.752,0,0.158,0.553,115.012,audio_features,,0gLf4j1HVYK65T6BkD3Ipr,spotify:track:0gLf4j1HVYK65T6BkD3Ipr,https://api.spotify.com/v1/tracks/0gLf4j1HVYK65T6BkD3Ipr,https://api.spotify.com/v1/audio-analysis/0gLf4j1HVYK65T6BkD3Ipr,108913,4,liked
Sly,Younger Hunger,0.793,0.709,11,-4.647,1,0.0799,0.395,0.00476,0.183,0.564,113.007,audio_features,,0xCteYEmNA2i4U2sSlupGS,spotify:track:0xCteYEmNA2i4U2sSlupGS,https://api.spotify.com/v1/tracks/0xCteYEmNA2i4U2sSlupGS,https://api.spotify.com/v1/audio-analysis/0xCteYEmNA2i4U2sSlupGS,205093,4,liked
It Doesn't Rain in California,Fashion Jackson,0.628,0.528,0,-9.656,1,0.029,0.000349,0.401,0.137,0.682,124.971,audio_features,,6g9oRBkoJemJeHpyCt7wpB,spotify:track:6g9oRBkoJemJeHpyCt7wpB,https://api.spotify.com/v1/tracks/6g9oRBkoJemJeHpyCt7wpB,https://api.spotify.com/v1/audio-analysis/6g9oRBkoJemJeHpyCt7wpB,358000,4,liked
Tomato Can,The Arcs,0.447,0.639,0,-11.062,1,0.115,0.0643,0.0216,0.158,0.563,141.78,audio_features,,4kQQHnmIzEyQi64G96dKZb,spotify:track:4kQQHnmIzEyQi64G96dKZb,https://api.spotify.com/v1/tracks/4kQQHnmIzEyQi64G96dKZb,https://api.spotify.com/v1/audio-analysis/4kQQHnmIzEyQi64G96dKZb,260109,4,liked
Hard To Explain,The Strokes,0.408,0.666,7,-6.286,1,0.0578,0.000455,0.862,0.0889,0.666,82.523,audio_features,,0OM9ri37LIbPc9hffwsyb1,spotify:track:0OM9ri37LIbPc9hffwsyb1,https://api.spotify.com/v1/tracks/0OM9ri37LIbPc9hffwsyb1,https://api.spotify.com/v1/audio-analysis/0OM9ri37LIbPc9hffwsyb1,224333,4,liked
Higher (feat. Ally Smith),Sarah and the Sundays,0.745,0.288,7,-12.308,1,0.0365,0.76,0.134,0.102,0.265,120.012,audio_features,,57By3AX8MDJp86vd9xnkyh,spotify:track:57By3AX8MDJp86vd9xnkyh,https://api.spotify.com/v1/tracks/57By3AX8MDJp86vd9xnkyh,https://api.spotify.com/v1/audio-analysis/57By3AX8MDJp86vd9xnkyh,150570,4,liked
Rhinestone Eyes,Gorillaz,0.676,0.703,8,-5.815,0,0.0302,0.0869,0.000687,0.0463,0.852,92.761,audio_features,,1foMv2HQwfQ2vntFf9HFeG,spotify:track:1foMv2HQwfQ2vntFf9HFeG,https://api.spotify.com/v1/tracks/1foMv2HQwfQ2vntFf9HFeG,https://api.spotify.com/v1/audio-analysis/1foMv2HQwfQ2vntFf9HFeG,200173,4,liked
The Woods,Sarah and the Sundays,0.653,0.312,7,-10.514,1,0.0371,0.673,9.75e-06,0.0986,0.226,119.96,audio_features,,7k6sRlWsHLJ4QqXUbyx2M4,spotify:track:7k6sRlWsHLJ4QqXUbyx2M4,https://api.spotify.com/v1/tracks/7k6sRlWsHLJ4QqXUbyx2M4,https://api.spotify.com/v1/audio-analysis/7k6sRlWsHLJ4QqXUbyx2M4,346500,4,liked
Bullfighter Jacket,Miniature Tigers,0.382,0.903,6,-4.468,1,0.0484,0.00652,0,0.222,0.502,88.525,audio_features,,67zeo819b8jA6SjBLb88Xr,spotify:track:67zeo819b8jA6SjBLb88Xr,https://api.spotify.com/v1/tracks/67zeo819b8jA6SjBLb88Xr,https://api.spotify.com/v1/audio-analysis/67zeo819b8jA6SjBLb88Xr,201413,4,liked
Arrows,Vampire Weekend,0.468,0.67,2,-8.052,1,0.0876,0.313,0.399,0.108,0.319,147.506,audio_features,,7vy7aFtv7wCxLGOKtw2Wy9,spotify:track:7vy7aFtv7wCxLGOKtw2Wy9,https://api.spotify.com/v1/tracks/7vy7aFtv7wCxLGOKtw2Wy9,https://api.spotify.com/v1/audio-analysis/7vy7aFtv7wCxLGOKtw2Wy9,184067,4,liked
Sail,AWOLNATION,0.825,0.435,1,-9.582,1,0.0568,0.452,0.609,0.0953,0.243,119.038,audio_features,,5xhQChGGhKLWqBqX4XhtYE,spotify:track:5xhQChGGhKLWqBqX4XhtYE,https://api.spotify.com/v1/tracks/5xhQChGGhKLWqBqX4XhtYE,https://api.spotify.com/v1/audio-analysis/5xhQChGGhKLWqBqX4XhtYE,259102,4,liked
Ghost Town,Sarah and the Sundays,0.851,0.252,1,-11.075,0,0.0516,0.821,1.47e-05,0.368,0.566,142.056,audio_features,,090OhRTFevYXwYg0bzzXqc,spotify:track:090OhRTFevYXwYg0bzzXqc,https://api.spotify.com/v1/tracks/090OhRTFevYXwYg0bzzXqc,https://api.spotify.com/v1/audio-analysis/090OhRTFevYXwYg0bzzXqc,260336,4,liked
Space Cadet,The Technicolors,0.571,0.655,11,-7.576,1,0.0307,0.126,1.39e-05,0.165,0.633,85.987,audio_features,,6mc2JQbl1IJQhgUO0eSvVQ,spotify:track:6mc2JQbl1IJQhgUO0eSvVQ,https://api.spotify.com/v1/tracks/6mc2JQbl1IJQhgUO0eSvVQ,https://api.spotify.com/v1/audio-analysis/6mc2JQbl1IJQhgUO0eSvVQ,288836,4,liked
500 Miles,Down By Law,0.394,0.871,4,-7.612,1,0.0768,0.0614,2.38e-06,0.563,0.715,133.151,audio_features,,1vL2Y0WIZlEgm8b0m78SrC,spotify:track:1vL2Y0WIZlEgm8b0m78SrC,https://api.spotify.com/v1/tracks/1vL2Y0WIZlEgm8b0m78SrC,https://api.spotify.com/v1/audio-analysis/1vL2Y0WIZlEgm8b0m78SrC,244933,4,liked
Jenny Says,Cowboy Mouth,0.528,0.733,6,-4.373,0,0.06,0.0742,1.29e-05,0.159,0.728,78.277,audio_features,,3HSBCz4Tj3l1gtjvXal9ey,spotify:track:3HSBCz4Tj3l1gtjvXal9ey,https://api.spotify.com/v1/tracks/3HSBCz4Tj3l1gtjvXal9ey,https://api.spotify.com/v1/audio-analysis/3HSBCz4Tj3l1gtjvXal9ey,202587,4,liked
Daria,Cake,0.593,0.557,0,-9.326,1,0.0315,0.297,0,0.0619,0.728,120.168,audio_features,,7IdQVGFdJ3dFrNHSizYieq,spotify:track:7IdQVGFdJ3dFrNHSizYieq,https://api.spotify.com/v1/tracks/7IdQVGFdJ3dFrNHSizYieq,https://api.spotify.com/v1/audio-analysis/7IdQVGFdJ3dFrNHSizYieq,224347,4,liked
Meanwhile Back in the City,The Presidents Of The United States Of America,0.587,0.813,6,-5.124,0,0.056,0.0678,0.000578,0.187,0.712,117.655,audio_features,,24obGxQaI9mRyH6WCmaLeJ,spotify:track:24obGxQaI9mRyH6WCmaLeJ,https://api.spotify.com/v1/tracks/24obGxQaI9mRyH6WCmaLeJ,https://api.spotify.com/v1/audio-analysis/24obGxQaI9mRyH6WCmaLeJ,203333,4,liked
Exes,The Mellowells,0.459,0.641,2,-7.466,1,0.0285,0.119,0.000422,0.377,0.578,150.1,audio_features,,2EXs0vMhdGjXeUwt60DWYn,spotify:track:2EXs0vMhdGjXeUwt60DWYn,https://api.spotify.com/v1/tracks/2EXs0vMhdGjXeUwt60DWYn,https://api.spotify.com/v1/audio-analysis/2EXs0vMhdGjXeUwt60DWYn,245120,4,liked
Beach Boys,Weezer,0.617,0.87,5,-4.777,1,0.0761,0.0115,1.29e-05,0.396,0.723,99.966,audio_features,,2MW0ofGJTi9RfoCMPsfGrJ,spotify:track:2MW0ofGJTi9RfoCMPsfGrJ,https://api.spotify.com/v1/tracks/2MW0ofGJTi9RfoCMPsfGrJ,https://api.spotify.com/v1/audio-analysis/2MW0ofGJTi9RfoCMPsfGrJ,231253,4,liked
Guillotine,Jon Bellion,0.574,0.803,4,-3.17,0,0.186,0.102,4.15e-06,0.0861,0.647,97.967,audio_features,,2FK1qmw8XNBqUe5CcgTVnE,spotify:track:2FK1qmw8XNBqUe5CcgTVnE,https://api.spotify.com/v1/tracks/2FK1qmw8XNBqUe5CcgTVnE,https://api.spotify.com/v1/audio-analysis/2FK1qmw8XNBqUe5CcgTVnE,208125,4,liked
Lost at Home,Secondhand Sound,0.78,0.176,9,-14.234,1,0.0395,0.671,0,0.0933,0.263,116.033,audio_features,,1phnD8xrzJJ3w2iQzh73EK,spotify:track:1phnD8xrzJJ3w2iQzh73EK,https://api.spotify.com/v1/tracks/1phnD8xrzJJ3w2iQzh73EK,https://api.spotify.com/v1/audio-analysis/1phnD8xrzJJ3w2iQzh73EK,227116,4,liked
Until Then,Feed Me Jack,0.449,0.635,4,-8.941,1,0.0562,0.0305,0.00629,0.123,0.491,116.91,audio_features,,0jnI2o0HKJrRglMwp3nIVJ,spotify:track:0jnI2o0HKJrRglMwp3nIVJ,https://api.spotify.com/v1/tracks/0jnI2o0HKJrRglMwp3nIVJ,https://api.spotify.com/v1/audio-analysis/0jnI2o0HKJrRglMwp3nIVJ,252250,4,liked
Come and Get Your Love - Single Version,Redbone,0.731,0.804,11,-7.621,0,0.0473,0.172,0.00028,0.0685,0.957,107.383,audio_features,,7GVUmCP00eSsqc4tzj1sDD,spotify:track:7GVUmCP00eSsqc4tzj1sDD,https://api.spotify.com/v1/tracks/7GVUmCP00eSsqc4tzj1sDD,https://api.spotify.com/v1/audio-analysis/7GVUmCP00eSsqc4tzj1sDD,205933,4,liked
The House Under The Hill,The Finches,0.701,0.311,8,-11.035,1,0.0304,0.46,0.00015,0.154,0.363,111.997,audio_features,,5r3hpKYQugCnnclfCQtPb8,spotify:track:5r3hpKYQugCnnclfCQtPb8,https://api.spotify.com/v1/tracks/5r3hpKYQugCnnclfCQtPb8,https://api.spotify.com/v1/audio-analysis/5r3hpKYQugCnnclfCQtPb8,266000,3,liked
Dog Walkers of the New Age,Breathe Owl Breathe,0.625,0.484,7,-10.751,1,0.031,0.733,0.147,0.109,0.133,136.726,audio_features,,1GdtPmB05lRbq4TdoHl5cp,spotify:track:1GdtPmB05lRbq4TdoHl5cp,https://api.spotify.com/v1/tracks/1GdtPmB05lRbq4TdoHl5cp,https://api.spotify.com/v1/audio-analysis/1GdtPmB05lRbq4TdoHl5cp,227747,4,liked
Step Outside,The Finches,0.783,0.374,9,-10.906,1,0.0345,0.435,3.41e-05,0.0998,0.4,104.056,audio_features,,1nXY6PQVpdQU9VhbEy75Nu,spotify:track:1nXY6PQVpdQU9VhbEy75Nu,https://api.spotify.com/v1/tracks/1nXY6PQVpdQU9VhbEy75Nu,https://api.spotify.com/v1/audio-analysis/1nXY6PQVpdQU9VhbEy75Nu,283320,4,liked
My Oldest Memory,Bowerbirds,0.59,0.503,7,-8.5,1,0.0313,0.64,0.000754,0.0768,0.571,139.446,audio_features,,0HSPkHBEBbYY66VJzpQwcV,spotify:track:0HSPkHBEBbYY66VJzpQwcV,https://api.spotify.com/v1/tracks/0HSPkHBEBbYY66VJzpQwcV,https://api.spotify.com/v1/audio-analysis/0HSPkHBEBbYY66VJzpQwcV,271440,4,liked
La Denigracion - Bonus Track,Bowerbirds,0.324,0.387,7,-10.225,1,0.0402,0.728,0,0.306,0.53,100.921,audio_features,,1olIHkF6QDbJQPV5zD2QFv,spotify:track:1olIHkF6QDbJQPV5zD2QFv,https://api.spotify.com/v1/tracks/1olIHkF6QDbJQPV5zD2QFv,https://api.spotify.com/v1/audio-analysis/1olIHkF6QDbJQPV5zD2QFv,197000,4,liked
Elegy,Hey Marseilles,0.419,0.324,5,-7.729,1,0.0271,0.755,0.0857,0.123,0.226,144.724,audio_features,,7tMliyn8LP1COOjAAMKe42,spotify:track:7tMliyn8LP1COOjAAMKe42,https://api.spotify.com/v1/tracks/7tMliyn8LP1COOjAAMKe42,https://api.spotify.com/v1/audio-analysis/7tMliyn8LP1COOjAAMKe42,254427,3,liked
Call Me Out,Sarah Close,0.528,0.681,4,-9.056,0,0.0532,0.057,4.08e-06,0.103,0.45,84.768,audio_features,,4DzwSjtHtj52si3ndZ65tB,spotify:track:4DzwSjtHtj52si3ndZ65tB,https://api.spotify.com/v1/tracks/4DzwSjtHtj52si3ndZ65tB,https://api.spotify.com/v1/audio-analysis/4DzwSjtHtj52si3ndZ65tB,242409,4,liked
Turning Japanese - Non Stop Edit,The Vapors,0.503,0.908,0,-5.845,1,0.0641,0.0273,7.88e-05,0.396,0.92,179.929,audio_features,,1MANhf0nwr6gFwsRJMeDbr,spotify:track:1MANhf0nwr6gFwsRJMeDbr,https://api.spotify.com/v1/tracks/1MANhf0nwr6gFwsRJMeDbr,https://api.spotify.com/v1/audio-analysis/1MANhf0nwr6gFwsRJMeDbr,224107,4,liked
The Other Side (with MAX & Ty Dolla $ign),MAX,0.687,0.792,2,-5.622,1,0.228,0.0203,0,0.0717,0.774,154.083,audio_features,,469YIE4l6dLgsEIXRqeFSa,spotify:track:469YIE4l6dLgsEIXRqeFSa,https://api.spotify.com/v1/tracks/469YIE4l6dLgsEIXRqeFSa,https://api.spotify.com/v1/audio-analysis/469YIE4l6dLgsEIXRqeFSa,210160,4,liked
90's Kid,Jordan Rabjohn,0.612,0.546,7,-7.418,1,0.112,0.311,0,0.0843,0.582,173.955,audio_features,,47IFGOYEZifpzbkEG2MuGW,spotify:track:47IFGOYEZifpzbkEG2MuGW,https://api.spotify.com/v1/tracks/47IFGOYEZifpzbkEG2MuGW,https://api.spotify.com/v1/audio-analysis/47IFGOYEZifpzbkEG2MuGW,221739,4,liked
Zombie by the Cranberries by Andrew Jackson Jihad,AJJ,0.453,0.634,0,-6.3,1,0.0541,0.0847,0,0.0915,0.606,76.474,audio_features,,42okPqWm63DZTHAbXg0rDt,spotify:track:42okPqWm63DZTHAbXg0rDt,https://api.spotify.com/v1/tracks/42okPqWm63DZTHAbXg0rDt,https://api.spotify.com/v1/audio-analysis/42okPqWm63DZTHAbXg0rDt,151867,4,liked
Hooves,Bowerbirds,0.431,0.184,10,-12.875,1,0.0301,0.868,0.0434,0.141,0.13,77.732,audio_features,,0CXS0ApQwUzAITdYzbWdPZ,spotify:track:0CXS0ApQwUzAITdYzbWdPZ,https://api.spotify.com/v1/tracks/0CXS0ApQwUzAITdYzbWdPZ,https://api.spotify.com/v1/audio-analysis/0CXS0ApQwUzAITdYzbWdPZ,160800,4,liked
Crown Victoria,The Presidents Of The United States Of America,0.573,0.488,1,-6.083,1,0.0594,0.258,0,0.191,0.587,76.153,audio_features,,14F9rZsiFosSMhN8WEqEKK,spotify:track:14F9rZsiFosSMhN8WEqEKK,https://api.spotify.com/v1/tracks/14F9rZsiFosSMhN8WEqEKK,https://api.spotify.com/v1/audio-analysis/14F9rZsiFosSMhN8WEqEKK,190776,4,liked
Matchstick Maker - Bonus Track,Bowerbirds,0.443,0.244,0,-11.867,1,0.0345,0.626,0.105,0.218,0.183,110.434,audio_features,,5V39ZgqfJ3byy0HoYBUEkb,spotify:track:5V39ZgqfJ3byy0HoYBUEkb,https://api.spotify.com/v1/tracks/5V39ZgqfJ3byy0HoYBUEkb,https://api.spotify.com/v1/audio-analysis/5V39ZgqfJ3byy0HoYBUEkb,280000,3,liked
Hush,Bowerbirds,0.37,0.556,11,-9.473,1,0.0972,0.867,0.0191,0.115,0.206,84.129,audio_features,,5qb5aGw57i88p3atB5wgvD,spotify:track:5qb5aGw57i88p3atB5wgvD,https://api.spotify.com/v1/tracks/5qb5aGw57i88p3atB5wgvD,https://api.spotify.com/v1/audio-analysis/5qb5aGw57i88p3atB5wgvD,243733,3,liked
Mean to Me,Cheridomingo,0.774,0.52,4,-6.32,0,0.0332,0.0239,0.000843,0.192,0.559,81.029,audio_features,,7EDOgJLpYBgZYgvvBIOF75,spotify:track:7EDOgJLpYBgZYgvvBIOF75,https://api.spotify.com/v1/tracks/7EDOgJLpYBgZYgvvBIOF75,https://api.spotify.com/v1/audio-analysis/7EDOgJLpYBgZYgvvBIOF75,187199,4,liked
Sugar,Sarah and the Sundays,0.807,0.368,11,-10.906,0,0.0345,0.77,0.00373,0.103,0.18,109.979,audio_features,,22OWLrCvtXrNOouirRBzMV,spotify:track:22OWLrCvtXrNOouirRBzMV,https://api.spotify.com/v1/tracks/22OWLrCvtXrNOouirRBzMV,https://api.spotify.com/v1/audio-analysis/22OWLrCvtXrNOouirRBzMV,172434,4,liked
All the Talk,Parrotfish,0.742,0.781,1,-8.918,0,0.114,0.17,0,0.63,0.764,117.068,audio_features,,7t1OmCMlt0BQiehQDFcgcq,spotify:track:7t1OmCMlt0BQiehQDFcgcq,https://api.spotify.com/v1/tracks/7t1OmCMlt0BQiehQDFcgcq,https://api.spotify.com/v1/audio-analysis/7t1OmCMlt0BQiehQDFcgcq,215712,4,liked
West Coast,Imagine Dragons,0.672,0.715,0,-6.18,1,0.0268,0.581,2.08e-06,0.101,0.677,104.989,audio_features,,2nkoWsTZa8LKPNGdjI5uxj,spotify:track:2nkoWsTZa8LKPNGdjI5uxj,https://api.spotify.com/v1/tracks/2nkoWsTZa8LKPNGdjI5uxj,https://api.spotify.com/v1/audio-analysis/2nkoWsTZa8LKPNGdjI5uxj,217173,4,liked
The Judge,Twenty One Pilots,0.423,0.797,0,-4.659,1,0.124,0.177,0,0.137,0.592,82.617,audio_features,,1lguQJjlNrIOoOylYVZN3M,spotify:track:1lguQJjlNrIOoOylYVZN3M,https://api.spotify.com/v1/tracks/1lguQJjlNrIOoOylYVZN3M,https://api.spotify.com/v1/audio-analysis/1lguQJjlNrIOoOylYVZN3M,297760,4,liked
Gold,Imagine Dragons,0.416,0.459,9,-6.814,0,0.0317,0.0801,0.00653,0.0551,0.286,164.929,audio_features,,1WQFOwtI6EfsvRz7wcDbQm,spotify:track:1WQFOwtI6EfsvRz7wcDbQm,https://api.spotify.com/v1/tracks/1WQFOwtI6EfsvRz7wcDbQm,https://api.spotify.com/v1/audio-analysis/1WQFOwtI6EfsvRz7wcDbQm,216813,3,liked
Teenagers,My Chemical Romance,0.463,0.857,4,-3.063,1,0.0632,0.0506,0,0.184,0.856,111.647,audio_features,,7j31rVgGX9Q2blT92VBEA0,spotify:track:7j31rVgGX9Q2blT92VBEA0,https://api.spotify.com/v1/tracks/7j31rVgGX9Q2blT92VBEA0,https://api.spotify.com/v1/audio-analysis/7j31rVgGX9Q2blT92VBEA0,161920,4,liked
You're so Creepy - Remastered Explicit,Ghost Town,0.493,0.842,2,-5.859,0,0.115,0.135,0,0.247,0.509,119.988,audio_features,,2RYNQvVCbCZcHE0wW4iSRz,spotify:track:2RYNQvVCbCZcHE0wW4iSRz,https://api.spotify.com/v1/tracks/2RYNQvVCbCZcHE0wW4iSRz,https://api.spotify.com/v1/audio-analysis/2RYNQvVCbCZcHE0wW4iSRz,215347,4,liked
Kids In The Dark,All Time Low,0.519,0.981,1,-3.473,0,0.0726,0.00136,0.000155,0.0903,0.773,130.039,audio_features,,15IYFI3Mm58gOH7dLmKI3w,spotify:track:15IYFI3Mm58gOH7dLmKI3w,https://api.spotify.com/v1/tracks/15IYFI3Mm58gOH7dLmKI3w,https://api.spotify.com/v1/audio-analysis/15IYFI3Mm58gOH7dLmKI3w,216689,4,liked
Free & Lonely,X Ambassadors,0.508,0.531,2,-7.068,1,0.0405,0.0164,0,0.353,0.307,142.252,audio_features,,0aPN28xnhv6RMuxAPpygjR,spotify:track:0aPN28xnhv6RMuxAPpygjR,https://api.spotify.com/v1/tracks/0aPN28xnhv6RMuxAPpygjR,https://api.spotify.com/v1/audio-analysis/0aPN28xnhv6RMuxAPpygjR,248400,4,liked
Superficial Love - Single Version,Ruth B.,0.599,0.866,10,-2.808,1,0.0629,0.359,0,0.107,0.391,147.934,audio_features,,4sxssJY6nbqDHnsgZPkRZW,spotify:track:4sxssJY6nbqDHnsgZPkRZW,https://api.spotify.com/v1/tracks/4sxssJY6nbqDHnsgZPkRZW,https://api.spotify.com/v1/audio-analysis/4sxssJY6nbqDHnsgZPkRZW,219453,4,liked
I Don't Even Smoke,Stick and Poke,0.678,0.537,1,-7.334,1,0.0311,0.816,0,0.113,0.661,119.547,audio_features,,2KpazOh1NKp6tKGHsWe9zD,spotify:track:2KpazOh1NKp6tKGHsWe9zD,https://api.spotify.com/v1/tracks/2KpazOh1NKp6tKGHsWe9zD,https://api.spotify.com/v1/audio-analysis/2KpazOh1NKp6tKGHsWe9zD,136676,4,liked
do re mi,blackbear,0.745,0.593,8,-6.35,1,0.0526,0.00522,5.25e-06,0.123,0.17,111.002,audio_features,,3Q3myFA7q4Op95DOpHplaY,spotify:track:3Q3myFA7q4Op95DOpHplaY,https://api.spotify.com/v1/tracks/3Q3myFA7q4Op95DOpHplaY,https://api.spotify.com/v1/audio-analysis/3Q3myFA7q4Op95DOpHplaY,212027,3,liked
Short Skirt / Long Jacket,Cake,0.778,0.899,2,-6.552,1,0.0451,0.0028,0.0345,0.0263,0.881,119.995,audio_features,,3OOFEF20WqtsUPcRbPY3L7,spotify:track:3OOFEF20WqtsUPcRbPY3L7,https://api.spotify.com/v1/tracks/3OOFEF20WqtsUPcRbPY3L7,https://api.spotify.com/v1/audio-analysis/3OOFEF20WqtsUPcRbPY3L7,204133,4,liked
Pulling Teeth (feat. Abdiel Singleton),Sarah and the Sundays,0.505,0.346,4,-13.006,1,0.0787,0.821,0,0.105,0.338,140.051,audio_features,,6UYTOgUMbUdNzIjQT9tmEg,spotify:track:6UYTOgUMbUdNzIjQT9tmEg,https://api.spotify.com/v1/tracks/6UYTOgUMbUdNzIjQT9tmEg,https://api.spotify.com/v1/audio-analysis/6UYTOgUMbUdNzIjQT9tmEg,253779,4,liked
The Overpass,Panic! At The Disco,0.517,0.955,10,-1.848,0,0.167,0.0224,0,0.364,0.61,132.951,audio_features,,4hUR3thIs01mQUtVmZFJ8F,spotify:track:4hUR3thIs01mQUtVmZFJ8F,https://api.spotify.com/v1/tracks/4hUR3thIs01mQUtVmZFJ8F,https://api.spotify.com/v1/audio-analysis/4hUR3thIs01mQUtVmZFJ8F,177800,4,liked
Get Fucked,Mustard Service,0.832,0.454,6,-13.399,0,0.0728,0.433,0.133,0.35,0.711,116.877,audio_features,,35HusLibk4RIHUh7nheP10,spotify:track:35HusLibk4RIHUh7nheP10,https://api.spotify.com/v1/tracks/35HusLibk4RIHUh7nheP10,https://api.spotify.com/v1/audio-analysis/35HusLibk4RIHUh7nheP10,178179,4,liked
Sleeping in the Basement,Sunshine Still,0.672,0.485,2,-8.447,1,0.0254,0.00228,2.53e-06,0.0977,0.834,92.128,audio_features,,59AqN1JfqiQztqA2PHmVqP,spotify:track:59AqN1JfqiQztqA2PHmVqP,https://api.spotify.com/v1/tracks/59AqN1JfqiQztqA2PHmVqP,https://api.spotify.com/v1/audio-analysis/59AqN1JfqiQztqA2PHmVqP,240000,4,liked
Mirror,Sarah and the Sundays,0.593,0.337,4,-11.323,0,0.0357,0.879,1.86e-06,0.255,0.467,144.881,audio_features,,1n4uTpZPhlnzp6if83bnEL,spotify:track:1n4uTpZPhlnzp6if83bnEL,https://api.spotify.com/v1/tracks/1n4uTpZPhlnzp6if83bnEL,https://api.spotify.com/v1/audio-analysis/1n4uTpZPhlnzp6if83bnEL,216059,4,liked
No Dice,Sarah and the Sundays,0.887,0.41,1,-9.967,0,0.0563,0.689,1.85e-05,0.1,0.358,119.959,audio_features,,4U7r2WN65G6TdU37IsEwqj,spotify:track:4U7r2WN65G6TdU37IsEwqj,https://api.spotify.com/v1/tracks/4U7r2WN65G6TdU37IsEwqj,https://api.spotify.com/v1/audio-analysis/4U7r2WN65G6TdU37IsEwqj,243069,4,liked
Roots,Imagine Dragons,0.637,0.887,7,-5.444,0,0.227,0.707,0.00188,0.326,0.596,157.759,audio_features,,4GITtbZtRCQXhWLMXrWXHt,spotify:track:4GITtbZtRCQXhWLMXrWXHt,https://api.spotify.com/v1/tracks/4GITtbZtRCQXhWLMXrWXHt,https://api.spotify.com/v1/audio-analysis/4GITtbZtRCQXhWLMXrWXHt,174507,4,liked
Uma Thurman,Fall Out Boy,0.623,0.962,4,-2.616,0,0.0895,0.103,0.000174,0.264,0.676,149.963,audio_features,,5PUawWFG1oIS2NwEcyHaCr,spotify:track:5PUawWFG1oIS2NwEcyHaCr,https://api.spotify.com/v1/tracks/5PUawWFG1oIS2NwEcyHaCr,https://api.spotify.com/v1/audio-analysis/5PUawWFG1oIS2NwEcyHaCr,211573,4,liked
Don't Threaten Me with a Good Time,Panic! At The Disco,0.559,0.895,1,-4.476,0,0.0832,0.0154,0,0.175,0.59,183.825,audio_features,,2fh3bZ8jZhMxOcfESE9nQY,spotify:track:2fh3bZ8jZhMxOcfESE9nQY,https://api.spotify.com/v1/tracks/2fh3bZ8jZhMxOcfESE9nQY,https://api.spotify.com/v1/audio-analysis/2fh3bZ8jZhMxOcfESE9nQY,213093,4,liked
Little Talks,Of Monsters and Men,0.457,0.757,1,-5.177,1,0.032,0.0206,0,0.146,0.417,102.961,audio_features,,2ihCaVdNZmnHZWt0fvAM7B,spotify:track:2ihCaVdNZmnHZWt0fvAM7B,https://api.spotify.com/v1/tracks/2ihCaVdNZmnHZWt0fvAM7B,https://api.spotify.com/v1/audio-analysis/2ihCaVdNZmnHZWt0fvAM7B,266600,4,liked
Who We Are,Imagine Dragons,0.407,0.656,6,-7.088,0,0.0413,0.00746,0.255,0.343,0.39,173.954,audio_features,,2x2SotEkKozaFh6H1aVnOZ,spotify:track:2x2SotEkKozaFh6H1aVnOZ,https://api.spotify.com/v1/tracks/2x2SotEkKozaFh6H1aVnOZ,https://api.spotify.com/v1/audio-analysis/2x2SotEkKozaFh6H1aVnOZ,249347,4,liked
Battle Cry,Imagine Dragons,0.358,0.909,0,-6.856,0,0.0949,0.0429,0.00468,0.138,0.0419,129.945,audio_features,,3KgIZWuC7JJOgkcGeAWbZg,spotify:track:3KgIZWuC7JJOgkcGeAWbZg,https://api.spotify.com/v1/tracks/3KgIZWuC7JJOgkcGeAWbZg,https://api.spotify.com/v1/audio-analysis/3KgIZWuC7JJOgkcGeAWbZg,273640,4,liked
Friction,Imagine Dragons,0.65,0.548,8,-8.767,1,0.0357,0.0407,0.0404,0.293,0.29,103.95,audio_features,,64ETHwzBLaBTGuKY55K1Kc,spotify:track:64ETHwzBLaBTGuKY55K1Kc,https://api.spotify.com/v1/tracks/64ETHwzBLaBTGuKY55K1Kc,https://api.spotify.com/v1/audio-analysis/64ETHwzBLaBTGuKY55K1Kc,201813,4,liked
Dream,Imagine Dragons,0.379,0.513,1,-7.724,0,0.0492,0.643,3.24e-05,0.069,0.108,142.067,audio_features,,5pryXvaRTif60GCf1e4rmc,spotify:track:5pryXvaRTif60GCf1e4rmc,https://api.spotify.com/v1/tracks/5pryXvaRTif60GCf1e4rmc,https://api.spotify.com/v1/audio-analysis/5pryXvaRTif60GCf1e4rmc,258000,4,liked
Shots,Imagine Dragons,0.552,0.76,11,-6.861,0,0.0367,0.00713,0.0113,0.313,0.338,104.957,audio_features,,7odsUFDiJVv0HUQuSYsRbT,spotify:track:7odsUFDiJVv0HUQuSYsRbT,https://api.spotify.com/v1/tracks/7odsUFDiJVv0HUQuSYsRbT,https://api.spotify.com/v1/audio-analysis/7odsUFDiJVv0HUQuSYsRbT,232333,4,liked
Warriors,Imagine Dragons,0.365,0.851,4,-6.238,0,0.065,0.0964,0.003,0.238,0.309,78.068,audio_features,,1lgN0A2Vki2FTON5PYq42m,spotify:track:1lgN0A2Vki2FTON5PYq42m,https://api.spotify.com/v1/tracks/1lgN0A2Vki2FTON5PYq42m,https://api.spotify.com/v1/audio-analysis/1lgN0A2Vki2FTON5PYq42m,170067,4,liked
The Unknown,Imagine Dragons,0.426,0.766,0,-8.13,1,0.0894,0.0255,0.000808,0.0931,0.345,120.178,audio_features,,4DRQBzgiM3SQqO5bXXPGpb,spotify:track:4DRQBzgiM3SQqO5bXXPGpb,https://api.spotify.com/v1/tracks/4DRQBzgiM3SQqO5bXXPGpb,https://api.spotify.com/v1/audio-analysis/4DRQBzgiM3SQqO5bXXPGpb,204720,4,liked
The Fall,Imagine Dragons,0.301,0.413,0,-9.693,1,0.0418,0.493,0.0433,0.112,0.0468,120.145,audio_features,,4Nwanvqzx02WpDxtYHS0lT,spotify:track:4Nwanvqzx02WpDxtYHS0lT,https://api.spotify.com/v1/tracks/4Nwanvqzx02WpDxtYHS0lT,https://api.spotify.com/v1/audio-analysis/4Nwanvqzx02WpDxtYHS0lT,362467,4,liked
Thief,Imagine Dragons,0.416,0.715,0,-5.75,1,0.0435,0.00272,2.23e-05,0.106,0.126,149.952,audio_features,,2Q4OrJV7rGtUpPsLGbchgr,spotify:track:2Q4OrJV7rGtUpPsLGbchgr,https://api.spotify.com/v1/tracks/2Q4OrJV7rGtUpPsLGbchgr,https://api.spotify.com/v1/audio-analysis/2Q4OrJV7rGtUpPsLGbchgr,227493,4,liked
Gold,Imagine Dragons,0.416,0.459,9,-6.814,0,0.0317,0.0801,0.00653,0.0551,0.286,164.929,audio_features,,3pgDkYNYH7hMCl5Njib24j,spotify:track:3pgDkYNYH7hMCl5Njib24j,https://api.spotify.com/v1/tracks/3pgDkYNYH7hMCl5Njib24j,https://api.spotify.com/v1/audio-analysis/3pgDkYNYH7hMCl5Njib24j,216813,3,liked
Monster,Imagine Dragons,0.472,0.774,3,-5.383,1,0.0824,0.167,0.000278,0.132,0.443,179.942,audio_features,,2Xaw1RrXP3mdooKWysuRJ8,spotify:track:2Xaw1RrXP3mdooKWysuRJ8,https://api.spotify.com/v1/tracks/2Xaw1RrXP3mdooKWysuRJ8,https://api.spotify.com/v1/audio-analysis/2Xaw1RrXP3mdooKWysuRJ8,249493,4,liked
Release,Imagine Dragons,0.379,0.396,2,-11.247,0,0.0292,0.86,1.21e-05,0.118,0.407,138.36,audio_features,,3ubpkIvw8SDchaRPEKIQPS,spotify:track:3ubpkIvw8SDchaRPEKIQPS,https://api.spotify.com/v1/tracks/3ubpkIvw8SDchaRPEKIQPS,https://api.spotify.com/v1/audio-analysis/3ubpkIvw8SDchaRPEKIQPS,148200,5,liked
Smoke And Mirrors,Imagine Dragons,0.601,0.636,7,-7.283,1,0.0283,0.0657,0.0218,0.446,0.0812,109.987,audio_features,,5w5NylxR2K71isn84raTZh,spotify:track:5w5NylxR2K71isn84raTZh,https://api.spotify.com/v1/tracks/5w5NylxR2K71isn84raTZh,https://api.spotify.com/v1/audio-analysis/5w5NylxR2K71isn84raTZh,260907,4,liked
It Comes Back To You,Imagine Dragons,0.634,0.749,0,-7.895,1,0.029,0.0789,0.0166,0.0698,0.49,100.002,audio_features,,0rKlNsNmGGKGXo6tDgkHEn,spotify:track:0rKlNsNmGGKGXo6tDgkHEn,https://api.spotify.com/v1/tracks/0rKlNsNmGGKGXo6tDgkHEn,https://api.spotify.com/v1/audio-analysis/0rKlNsNmGGKGXo6tDgkHEn,217400,4,liked
Trouble,Imagine Dragons,0.388,0.889,3,-5.281,1,0.116,0.307,0.00486,0.142,0.327,159.96,audio_features,,6JsePoT1VWserj2YIUu0hE,spotify:track:6JsePoT1VWserj2YIUu0hE,https://api.spotify.com/v1/tracks/6JsePoT1VWserj2YIUu0hE,https://api.spotify.com/v1/audio-analysis/6JsePoT1VWserj2YIUu0hE,191400,4,liked
Polaroid,Imagine Dragons,0.424,0.603,1,-6.832,1,0.0495,0.514,1.84e-06,0.238,0.258,155.319,audio_features,,6Ng999MKVY9ikd8FtGaNnz,spotify:track:6Ng999MKVY9ikd8FtGaNnz,https://api.spotify.com/v1/tracks/6Ng999MKVY9ikd8FtGaNnz,https://api.spotify.com/v1/audio-analysis/6Ng999MKVY9ikd8FtGaNnz,230013,4,liked
Na Na Na (Na Na Na Na Na Na Na Na Na),My Chemical Romance,0.411,0.986,8,-2.522,0,0.0583,0.000264,0.00148,0.371,0.649,165.981,audio_features,,5BB0Jzw60KyfSTyjJqtely,spotify:track:5BB0Jzw60KyfSTyjJqtely,https://api.spotify.com/v1/tracks/5BB0Jzw60KyfSTyjJqtely,https://api.spotify.com/v1/audio-analysis/5BB0Jzw60KyfSTyjJqtely,205960,4,liked
Unknown Brother,The Black Keys,0.5,0.552,9,-7.888,1,0.0413,0.466,0.00221,0.108,0.209,83.81,audio_features,,0BQH5uHglCuHVImyCjOOHc,spotify:track:0BQH5uHglCuHVImyCjOOHc,https://api.spotify.com/v1/tracks/0BQH5uHglCuHVImyCjOOHc,https://api.spotify.com/v1/audio-analysis/0BQH5uHglCuHVImyCjOOHc,239693,4,liked
Black Mud,The Black Keys,0.515,0.502,11,-8.898,0,0.058,0.253,0.883,0.345,0.374,143.937,audio_features,,2y42MmBCfEhqIkFAJs0V8Z,spotify:track:2y42MmBCfEhqIkFAJs0V8Z,https://api.spotify.com/v1/tracks/2y42MmBCfEhqIkFAJs0V8Z,https://api.spotify.com/v1/audio-analysis/2y42MmBCfEhqIkFAJs0V8Z,129440,4,liked
Tighten Up,The Black Keys,0.504,0.705,6,-6.179,0,0.0665,0.00121,4.12e-06,0.453,0.567,108.965,audio_features,,2MVwrvjmcdt4MsYYLCYMt8,spotify:track:2MVwrvjmcdt4MsYYLCYMt8,https://api.spotify.com/v1/tracks/2MVwrvjmcdt4MsYYLCYMt8,https://api.spotify.com/v1/audio-analysis/2MVwrvjmcdt4MsYYLCYMt8,211080,4,liked
The Only One,The Black Keys,0.434,0.653,1,-6.969,0,0.0324,0.693,0.0421,0.177,0.625,105.09,audio_features,,3QHA3SBpz2SDEpI1HuMT0e,spotify:track:3QHA3SBpz2SDEpI1HuMT0e,https://api.spotify.com/v1/tracks/3QHA3SBpz2SDEpI1HuMT0e,https://api.spotify.com/v1/audio-analysis/3QHA3SBpz2SDEpI1HuMT0e,300347,4,liked
Howlin' for You,The Black Keys,0.705,0.735,11,-6.646,1,0.0931,0.028,0.0783,0.112,0.448,132.627,audio_features,,0grFc6klR3hxoHLcgCYsF4,spotify:track:0grFc6klR3hxoHLcgCYsF4,https://api.spotify.com/v1/tracks/0grFc6klR3hxoHLcgCYsF4,https://api.spotify.com/v1/audio-analysis/0grFc6klR3hxoHLcgCYsF4,191800,4,liked
She's Long Gone,The Black Keys,0.349,0.866,11,-6.676,0,0.112,0.0361,0.0406,0.216,0.488,167.951,audio_features,,26ZnmGlPGXaOzPDydAP9D5,spotify:track:26ZnmGlPGXaOzPDydAP9D5,https://api.spotify.com/v1/tracks/26ZnmGlPGXaOzPDydAP9D5,https://api.spotify.com/v1/audio-analysis/26ZnmGlPGXaOzPDydAP9D5,186000,4,liked
The Go Getter,The Black Keys,0.646,0.719,1,-7.192,1,0.0685,0.159,0.000432,0.0758,0.71,160.008,audio_features,,3Wwd0W89C56cCRilh8HFNs,spotify:track:3Wwd0W89C56cCRilh8HFNs,https://api.spotify.com/v1/tracks/3Wwd0W89C56cCRilh8HFNs,https://api.spotify.com/v1/audio-analysis/3Wwd0W89C56cCRilh8HFNs,216947,4,liked
Ten Cent Pistol,The Black Keys,0.588,0.488,0,-8.462,0,0.03,0.325,0.0139,0.18,0.328,104.717,audio_features,,2qoLCpTRYv6h8Vx94hxkvl,spotify:track:2qoLCpTRYv6h8Vx94hxkvl,https://api.spotify.com/v1/tracks/2qoLCpTRYv6h8Vx94hxkvl,https://api.spotify.com/v1/audio-analysis/2qoLCpTRYv6h8Vx94hxkvl,269307,4,liked
Next Girl,The Black Keys,0.383,0.748,1,-6.343,0,0.0343,0.022,0.00014,0.114,0.255,171.568,audio_features,,2UE4m8egf0aREmOi47sDOk,spotify:track:2UE4m8egf0aREmOi47sDOk,https://api.spotify.com/v1/tracks/2UE4m8egf0aREmOi47sDOk,https://api.spotify.com/v1/audio-analysis/2UE4m8egf0aREmOi47sDOk,198213,4,liked
Everlasting Light,The Black Keys,0.641,0.582,4,-6.554,1,0.0483,0.127,0.00632,0.354,0.725,181.039,audio_features,,6dU5RxthbuaN31bRbEDlNw,spotify:track:6dU5RxthbuaN31bRbEDlNw,https://api.spotify.com/v1/tracks/6dU5RxthbuaN31bRbEDlNw,https://api.spotify.com/v1/audio-analysis/6dU5RxthbuaN31bRbEDlNw,203773,4,liked
Never Gonna Give You Up,The Black Keys,0.557,0.665,6,-6.19,0,0.0328,0.324,0.000281,0.0713,0.437,75.805,audio_features,,4qjqO5m5e5vebk9upd7xUU,spotify:track:4qjqO5m5e5vebk9upd7xUU,https://api.spotify.com/v1/tracks/4qjqO5m5e5vebk9upd7xUU,https://api.spotify.com/v1/audio-analysis/4qjqO5m5e5vebk9upd7xUU,218987,4,liked
These Days,The Black Keys,0.436,0.288,7,-10.726,1,0.0315,0.746,0.00208,0.098,0.268,117.482,audio_features,,3ghXwIS6cr3P5InauKlqFy,spotify:track:3ghXwIS6cr3P5InauKlqFy,https://api.spotify.com/v1/tracks/3ghXwIS6cr3P5InauKlqFy,https://api.spotify.com/v1/audio-analysis/3ghXwIS6cr3P5InauKlqFy,311840,4,liked
I'm Not the One,The Black Keys,0.604,0.406,9,-10.016,0,0.0306,0.543,0.000545,0.0932,0.474,139.897,audio_features,,4c15DmbPf9g3HNPipLBBu0,spotify:track:4c15DmbPf9g3HNPipLBBu0,https://api.spotify.com/v1/tracks/4c15DmbPf9g3HNPipLBBu0,https://api.spotify.com/v1/audio-analysis/4c15DmbPf9g3HNPipLBBu0,229213,4,liked
Moving On,Sarah and the Sundays,0.731,0.717,9,-5.844,1,0.0335,0.131,0,0.338,0.804,124.994,audio_features,,7zDHGb8RXtQm2odfAzZZai,spotify:track:7zDHGb8RXtQm2odfAzZZai,https://api.spotify.com/v1/tracks/7zDHGb8RXtQm2odfAzZZai,https://api.spotify.com/v1/audio-analysis/7zDHGb8RXtQm2odfAzZZai,159380,4,liked
Roar,Katy Perry,0.554,0.772,7,-4.821,0,0.0418,0.00487,6.6e-06,0.354,0.455,179.984,audio_features,,6F5c58TMEs1byxUstkzVeM,spotify:track:6F5c58TMEs1byxUstkzVeM,https://api.spotify.com/v1/tracks/6F5c58TMEs1byxUstkzVeM,https://api.spotify.com/v1/audio-analysis/6F5c58TMEs1byxUstkzVeM,223546,4,liked
Under the Bridge,Red Hot Chili Peppers,0.559,0.345,4,-13.496,1,0.0459,0.0576,0.000105,0.141,0.458,84.581,audio_features,,3d9DChrdc6BOeFsbrZ3Is0,spotify:track:3d9DChrdc6BOeFsbrZ3Is0,https://api.spotify.com/v1/tracks/3d9DChrdc6BOeFsbrZ3Is0,https://api.spotify.com/v1/audio-analysis/3d9DChrdc6BOeFsbrZ3Is0,264307,4,liked
I Love You Like An Alcoholic,The Taxpayers,0.61,0.424,4,-6.489,0,0.0311,0.384,0.000148,0.11,0.207,108.416,audio_features,,7u63zva845rv8tRFi9FG8a,spotify:track:7u63zva845rv8tRFi9FG8a,https://api.spotify.com/v1/tracks/7u63zva845rv8tRFi9FG8a,https://api.spotify.com/v1/audio-analysis/7u63zva845rv8tRFi9FG8a,215933,4,liked
8 Dollars,Night Gaunts,0.469,0.816,1,-6.249,1,0.0387,0.00367,2.36e-06,0.0651,0.682,182.986,audio_features,,2FUbcMABnIHuW7NmAhCKDA,spotify:track:2FUbcMABnIHuW7NmAhCKDA,https://api.spotify.com/v1/tracks/2FUbcMABnIHuW7NmAhCKDA,https://api.spotify.com/v1/audio-analysis/2FUbcMABnIHuW7NmAhCKDA,231856,4,liked
Don't Carry It All,The Decemberists,0.494,0.836,7,-4.327,1,0.0531,0.0249,0,0.457,0.627,142.56,audio_features,,2UODQhPzz51lssoMPOlfy5,spotify:track:2UODQhPzz51lssoMPOlfy5,https://api.spotify.com/v1/tracks/2UODQhPzz51lssoMPOlfy5,https://api.spotify.com/v1/audio-analysis/2UODQhPzz51lssoMPOlfy5,256560,4,liked
Coyote,Mad Caddies,0.496,0.755,9,-6.366,0,0.0381,0.00467,0.0525,0.0681,0.867,88.634,audio_features,,0Np2PkYnOMQUxXceLPwfEy,spotify:track:0Np2PkYnOMQUxXceLPwfEy,https://api.spotify.com/v1/tracks/0Np2PkYnOMQUxXceLPwfEy,https://api.spotify.com/v1/audio-analysis/0Np2PkYnOMQUxXceLPwfEy,249480,4,liked
Louisiana Hot Sauce Rainy Nights,The Taxpayers,0.437,0.386,4,-9.036,1,0.0294,0.815,0.048,0.114,0.0378,136.482,audio_features,,0vTQEaz1b6PHxhR4Wekjbo,spotify:track:0vTQEaz1b6PHxhR4Wekjbo,https://api.spotify.com/v1/tracks/0vTQEaz1b6PHxhR4Wekjbo,https://api.spotify.com/v1/audio-analysis/0vTQEaz1b6PHxhR4Wekjbo,222856,4,liked
In My Mind,Natalie Summer,0.729,0.645,6,-8.058,1,0.111,0.0642,0,0.122,0.273,126.02,audio_features,,26j4o3vrRuqYqFiAQM5bW3,spotify:track:26j4o3vrRuqYqFiAQM5bW3,https://api.spotify.com/v1/tracks/26j4o3vrRuqYqFiAQM5bW3,https://api.spotify.com/v1/audio-analysis/26j4o3vrRuqYqFiAQM5bW3,177143,4,liked
On The Regular,Shamir,0.737,0.929,7,-3.427,0,0.0596,0.366,0.000211,0.061,0.885,123.999,audio_features,,664iXTTFr0b4jas9vPK6Ok,spotify:track:664iXTTFr0b4jas9vPK6Ok,https://api.spotify.com/v1/tracks/664iXTTFr0b4jas9vPK6Ok,https://api.spotify.com/v1/audio-analysis/664iXTTFr0b4jas9vPK6Ok,178307,4,liked
House Of Diamonds,Bowerbirds,0.561,0.44,0,-9.93,1,0.0316,0.438,0,0.0987,0.338,114.824,audio_features,,3OQtxGgnwXPY5fv6BoQu7q,spotify:track:3OQtxGgnwXPY5fv6BoQu7q,https://api.spotify.com/v1/tracks/3OQtxGgnwXPY5fv6BoQu7q,https://api.spotify.com/v1/audio-analysis/3OQtxGgnwXPY5fv6BoQu7q,178000,4,liked
Walk the Furrows,Bowerbirds,0.566,0.278,4,-11.469,0,0.0283,0.499,0.0414,0.0924,0.201,116.039,audio_features,,1xkFeKNJGY8y8DsoN5P77V,spotify:track:1xkFeKNJGY8y8DsoN5P77V,https://api.spotify.com/v1/tracks/1xkFeKNJGY8y8DsoN5P77V,https://api.spotify.com/v1/audio-analysis/1xkFeKNJGY8y8DsoN5P77V,234907,4,liked
Lost Boy,Ruth B.,0.71,0.0565,7,-15.099,1,0.0534,0.965,0,0.0889,0.348,123.994,audio_features,,4h0zU3O9R5xzuTmNO7dNDU,spotify:track:4h0zU3O9R5xzuTmNO7dNDU,https://api.spotify.com/v1/tracks/4h0zU3O9R5xzuTmNO7dNDU,https://api.spotify.com/v1/audio-analysis/4h0zU3O9R5xzuTmNO7dNDU,275280,4,liked
Friction,Imagine Dragons,0.671,0.537,8,-8.745,1,0.0358,0.0508,0.0259,0.19,0.273,104.007,audio_features,,2iIb73Qn02LsZwpW8RJUxh,spotify:track:2iIb73Qn02LsZwpW8RJUxh,https://api.spotify.com/v1/tracks/2iIb73Qn02LsZwpW8RJUxh,https://api.spotify.com/v1/audio-analysis/2iIb73Qn02LsZwpW8RJUxh,201800,4,liked
Thunder / Young Dumb & Broke (with Khalid) - Medley,Imagine Dragons,0.513,0.684,0,-5.499,1,0.104,0.113,0.000144,0.395,0.266,83.985,audio_features,,05W4TSNqPEXtKdejLVRQrm,spotify:track:05W4TSNqPEXtKdejLVRQrm,https://api.spotify.com/v1/tracks/05W4TSNqPEXtKdejLVRQrm,https://api.spotify.com/v1/audio-analysis/05W4TSNqPEXtKdejLVRQrm,251284,4,liked
Brave World,Bowerbirds,0.493,0.467,7,-10.155,0,0.0503,0.796,0.00205,0.108,0.352,142.957,audio_features,,1Bh92XStTW1Xl6FOiMFZt6,spotify:track:1Bh92XStTW1Xl6FOiMFZt6,https://api.spotify.com/v1/tracks/1Bh92XStTW1Xl6FOiMFZt6,https://api.spotify.com/v1/audio-analysis/1Bh92XStTW1Xl6FOiMFZt6,268693,4,liked
Natural,Imagine Dragons,0.704,0.611,2,-6.112,1,0.0409,0.217,0,0.0812,0.22,100.0,audio_features,,2FY7b99s15jUprqC0M5NCT,spotify:track:2FY7b99s15jUprqC0M5NCT,https://api.spotify.com/v1/tracks/2FY7b99s15jUprqC0M5NCT,https://api.spotify.com/v1/audio-analysis/2FY7b99s15jUprqC0M5NCT,189467,4,liked
I Sat By The Ocean,Queens of the Stone Age,0.516,0.781,8,-4.004,0,0.0364,0.00136,0.000735,0.11,0.897,116.793,audio_features,,7oXRMDUzBPekkLRTJhSGvC,spotify:track:7oXRMDUzBPekkLRTJhSGvC,https://api.spotify.com/v1/tracks/7oXRMDUzBPekkLRTJhSGvC,https://api.spotify.com/v1/audio-analysis/7oXRMDUzBPekkLRTJhSGvC,235587,4,liked
(Don't Fear) The Reaper,Blue Öyster Cult,0.333,0.927,9,-8.55,0,0.0733,0.0029,0.000208,0.297,0.385,141.466,audio_features,,5QTxFnGygVM4jFQiBovmRo,spotify:track:5QTxFnGygVM4jFQiBovmRo,https://api.spotify.com/v1/tracks/5QTxFnGygVM4jFQiBovmRo,https://api.spotify.com/v1/audio-analysis/5QTxFnGygVM4jFQiBovmRo,308120,4,liked
Wraith Pinned to the Mist and Other Games,of Montreal,0.873,0.582,5,-9.901,1,0.047,0.0282,0.0699,0.182,0.77,122.005,audio_features,,24HPkbkXJsIFC4eyg63zgQ,spotify:track:24HPkbkXJsIFC4eyg63zgQ,https://api.spotify.com/v1/tracks/24HPkbkXJsIFC4eyg63zgQ,https://api.spotify.com/v1/audio-analysis/24HPkbkXJsIFC4eyg63zgQ,255613,4,liked
Here I Dreamt I Was an Architect,The Decemberists,0.411,0.754,7,-6.515,1,0.0294,0.101,2.83e-06,0.141,0.602,189.9,audio_features,,0BahRq8ZRCnlg40YfrVIvL,spotify:track:0BahRq8ZRCnlg40YfrVIvL,https://api.spotify.com/v1/tracks/0BahRq8ZRCnlg40YfrVIvL,https://api.spotify.com/v1/audio-analysis/0BahRq8ZRCnlg40YfrVIvL,269147,4,liked
No One Knows,Queens of the Stone Age,0.507,0.588,0,-4.881,1,0.0641,0.0359,0.000129,0.373,0.637,170.889,audio_features,,6NvRxjfYkkT2SpirAlmsjH,spotify:track:6NvRxjfYkkT2SpirAlmsjH,https://api.spotify.com/v1/tracks/6NvRxjfYkkT2SpirAlmsjH,https://api.spotify.com/v1/audio-analysis/6NvRxjfYkkT2SpirAlmsjH,278707,4,liked
Pumped Up Kicks,Foster The People,0.733,0.71,5,-5.849,0,0.0292,0.145,0.115,0.0956,0.965,127.975,audio_features,,7w87IxuO7BDcJ3YUqCyMTT,spotify:track:7w87IxuO7BDcJ3YUqCyMTT,https://api.spotify.com/v1/tracks/7w87IxuO7BDcJ3YUqCyMTT,https://api.spotify.com/v1/audio-analysis/7w87IxuO7BDcJ3YUqCyMTT,239600,4,liked
Witches and Warlocks,Ghost Mice,0.537,0.565,2,-10.175,1,0.0594,0.587,0,0.445,0.809,122.971,audio_features,,2rXr1pbEBRrG96y9oJ5wO9,spotify:track:2rXr1pbEBRrG96y9oJ5wO9,https://api.spotify.com/v1/tracks/2rXr1pbEBRrG96y9oJ5wO9,https://api.spotify.com/v1/audio-analysis/2rXr1pbEBRrG96y9oJ5wO9,202945,4,liked
Sinister Kid,The Black Keys,0.761,0.828,9,-7.259,1,0.0721,0.133,0.0858,0.348,0.935,139.616,audio_features,,78krcD2vFUXJ3Y0XXeiHWH,spotify:track:78krcD2vFUXJ3Y0XXeiHWH,https://api.spotify.com/v1/tracks/78krcD2vFUXJ3Y0XXeiHWH,https://api.spotify.com/v1/audio-analysis/78krcD2vFUXJ3Y0XXeiHWH,224480,4,liked
Stressed Out,Twenty One Pilots,0.734,0.637,4,-5.677,0,0.141,0.0462,2.29e-05,0.0602,0.648,169.977,audio_features,,3CRDbSIZ4r5MsZ0YwxuEkn,spotify:track:3CRDbSIZ4r5MsZ0YwxuEkn,https://api.spotify.com/v1/tracks/3CRDbSIZ4r5MsZ0YwxuEkn,https://api.spotify.com/v1/audio-analysis/3CRDbSIZ4r5MsZ0YwxuEkn,202333,4,liked
I Am The Man Thomas,The Devil Makes Three,0.675,0.696,7,-7.347,1,0.0451,0.753,0.00173,0.0602,0.478,124.766,audio_features,,3uWGP9UpCet5wZBtXE9JPK,spotify:track:3uWGP9UpCet5wZBtXE9JPK,https://api.spotify.com/v1/tracks/3uWGP9UpCet5wZBtXE9JPK,https://api.spotify.com/v1/audio-analysis/3uWGP9UpCet5wZBtXE9JPK,159102,4,liked
Congratulations,Superorganism,0.465,0.644,7,-9.133,1,0.066,0.253,0,0.883,0.767,132.143,audio_features,,4x9NNsMOePzX0XUveJlI1z,spotify:track:4x9NNsMOePzX0XUveJlI1z,https://api.spotify.com/v1/tracks/4x9NNsMOePzX0XUveJlI1z,https://api.spotify.com/v1/audio-analysis/4x9NNsMOePzX0XUveJlI1z,155895,4,liked
"Havana - Recorded at RAK Studios, London",Superorganism,0.672,0.545,7,-8.222,0,0.0352,0.303,0.00383,0.337,0.653,105.025,audio_features,,6kG9AQkHgCaFUh4ckB0g2j,spotify:track:6kG9AQkHgCaFUh4ckB0g2j,https://api.spotify.com/v1/tracks/6kG9AQkHgCaFUh4ckB0g2j,https://api.spotify.com/v1/audio-analysis/6kG9AQkHgCaFUh4ckB0g2j,168677,4,liked
Humility (feat. George Benson) - Superorganism Remix,Gorillaz,0.676,0.628,2,-6.137,1,0.329,0.0331,7.31e-06,0.386,0.691,77.926,audio_features,,03Q8nBxfqgLDluVj0w4UKM,spotify:track:03Q8nBxfqgLDluVj0w4UKM,https://api.spotify.com/v1/tracks/03Q8nBxfqgLDluVj0w4UKM,https://api.spotify.com/v1/audio-analysis/03Q8nBxfqgLDluVj0w4UKM,152764,4,liked
Immortals,Fall Out Boy,0.616,0.868,2,-3.606,1,0.0699,0.00131,1.54e-06,0.671,0.475,108.016,audio_features,,3Te8uLyit6X3ncNW8Fp3K2,spotify:track:3Te8uLyit6X3ncNW8Fp3K2,https://api.spotify.com/v1/tracks/3Te8uLyit6X3ncNW8Fp3K2,https://api.spotify.com/v1/audio-analysis/3Te8uLyit6X3ncNW8Fp3K2,189387,4,liked
Welcome to the Black Parade,My Chemical Romance,0.217,0.905,2,-4.103,1,0.0752,0.000289,0.00011,0.222,0.236,96.95,audio_features,,5wQnmLuC1W7ATsArWACrgW,spotify:track:5wQnmLuC1W7ATsArWACrgW,https://api.spotify.com/v1/tracks/5wQnmLuC1W7ATsArWACrgW,https://api.spotify.com/v1/audio-analysis/5wQnmLuC1W7ATsArWACrgW,311107,4,liked
Emperor's New Clothes,Panic! At The Disco,0.562,0.904,1,-4.947,1,0.0807,0.00302,0,0.0433,0.651,94.481,audio_features,,3px2rAPu74ltbkf9eZsZ8h,spotify:track:3px2rAPu74ltbkf9eZsZ8h,https://api.spotify.com/v1/tracks/3px2rAPu74ltbkf9eZsZ8h,https://api.spotify.com/v1/audio-analysis/3px2rAPu74ltbkf9eZsZ8h,158667,4,liked
Viva La Vida,Coldplay,0.486,0.617,5,-7.115,0,0.0287,0.0954,3.23e-06,0.109,0.417,138.015,audio_features,,1mea3bSkSGXuIRvnydlB5b,spotify:track:1mea3bSkSGXuIRvnydlB5b,https://api.spotify.com/v1/tracks/1mea3bSkSGXuIRvnydlB5b,https://api.spotify.com/v1/audio-analysis/1mea3bSkSGXuIRvnydlB5b,242373,4,liked
On Top Of The World,Imagine Dragons,0.635,0.926,0,-5.589,1,0.151,0.0893,4.53e-06,0.0928,0.761,100.048,audio_features,,6KuHjfXHkfnIjdmcIvt9r0,spotify:track:6KuHjfXHkfnIjdmcIvt9r0,https://api.spotify.com/v1/tracks/6KuHjfXHkfnIjdmcIvt9r0,https://api.spotify.com/v1/audio-analysis/6KuHjfXHkfnIjdmcIvt9r0,189840,4,liked
Mountain Sound,Of Monsters and Men,0.379,0.879,1,-4.336,0,0.0362,0.0421,0.00449,0.146,0.37,102.021,audio_features,,60ZGteAEtPCnGE6zevgUcd,spotify:track:60ZGteAEtPCnGE6zevgUcd,https://api.spotify.com/v1/tracks/60ZGteAEtPCnGE6zevgUcd,https://api.spotify.com/v1/audio-analysis/60ZGteAEtPCnGE6zevgUcd,211453,4,liked
Renegades,X Ambassadors,0.526,0.862,2,-6.003,1,0.0905,0.0144,0.0597,0.229,0.528,90.052,audio_features,,0fYVliAYKHuPmECRs1pbRf,spotify:track:0fYVliAYKHuPmECRs1pbRf,https://api.spotify.com/v1/tracks/0fYVliAYKHuPmECRs1pbRf,https://api.spotify.com/v1/audio-analysis/0fYVliAYKHuPmECRs1pbRf,195200,4,liked
I Will Survive,Cake,0.507,0.683,7,-8.079,1,0.0316,0.303,0.000132,0.142,0.901,95.732,audio_features,,0qgiFuYhYuwtFXEwYakddE,spotify:track:0qgiFuYhYuwtFXEwYakddE,https://api.spotify.com/v1/tracks/0qgiFuYhYuwtFXEwYakddE,https://api.spotify.com/v1/audio-analysis/0qgiFuYhYuwtFXEwYakddE,310600,4,liked
No Roots,Alice Merton,0.863,0.657,7,-7.295,1,0.105,0.264,0.00619,0.0713,0.829,115.958,audio_features,,6gqW48WKOxrBEG2KfShI8W,spotify:track:6gqW48WKOxrBEG2KfShI8W,https://api.spotify.com/v1/tracks/6gqW48WKOxrBEG2KfShI8W,https://api.spotify.com/v1/audio-analysis/6gqW48WKOxrBEG2KfShI8W,235813,4,liked
I Don't Even Smoke,Stick and Poke,0.678,0.537,1,-7.334,1,0.0311,0.816,0,0.113,0.661,119.547,audio_features,,2KpazOh1NKp6tKGHsWe9zD,spotify:track:2KpazOh1NKp6tKGHsWe9zD,https://api.spotify.com/v1/tracks/2KpazOh1NKp6tKGHsWe9zD,https://api.spotify.com/v1/audio-analysis/2KpazOh1NKp6tKGHsWe9zD,136676,4,liked
Into the Unknown - Panic! At The Disco Version,Panic! At The Disco,0.456,0.828,1,-6.225,1,0.077,0.0244,0,0.21,0.313,116.719,audio_features,,421eObjg0DTm2qajJl5OJm,spotify:track:421eObjg0DTm2qajJl5OJm,https://api.spotify.com/v1/tracks/421eObjg0DTm2qajJl5OJm,https://api.spotify.com/v1/audio-analysis/421eObjg0DTm2qajJl5OJm,189132,4,liked
Crazy Bird,Wild Child,0.779,0.523,3,-8.359,1,0.0361,0.247,0.000179,0.318,0.708,93.483,audio_features,,0iYXDjcE2fOpJiy0ob1Kk3,spotify:track:0iYXDjcE2fOpJiy0ob1Kk3,https://api.spotify.com/v1/tracks/0iYXDjcE2fOpJiy0ob1Kk3,https://api.spotify.com/v1/audio-analysis/0iYXDjcE2fOpJiy0ob1Kk3,241267,4,liked
Dear Fellow Traveller,Sea Wolf,0.673,0.654,10,-8.929,0,0.0306,0.339,8.86e-05,0.125,0.522,92.005,audio_features,,2j9z9hejHzVbcRUyYM7PZ1,spotify:track:2j9z9hejHzVbcRUyYM7PZ1,https://api.spotify.com/v1/tracks/2j9z9hejHzVbcRUyYM7PZ1,https://api.spotify.com/v1/audio-analysis/2j9z9hejHzVbcRUyYM7PZ1,221000,4,liked
Cough Syrup,Young the Giant,0.534,0.721,11,-7.307,0,0.0417,0.0343,6.24e-06,0.115,0.225,128.978,audio_features,,1UqhkbzB1kuFwt2iy4h29Q,spotify:track:1UqhkbzB1kuFwt2iy4h29Q,https://api.spotify.com/v1/tracks/1UqhkbzB1kuFwt2iy4h29Q,https://api.spotify.com/v1/audio-analysis/1UqhkbzB1kuFwt2iy4h29Q,249520,3,liked
House of Gold,Twenty One Pilots,0.68,0.693,0,-7.234,1,0.0435,0.445,0,0.208,0.851,114.948,audio_features,,36tghkPg1AO4HsAzo6YpPp,spotify:track:36tghkPg1AO4HsAzo6YpPp,https://api.spotify.com/v1/tracks/36tghkPg1AO4HsAzo6YpPp,https://api.spotify.com/v1/audio-analysis/36tghkPg1AO4HsAzo6YpPp,163880,4,liked
The Mariner's Revenge Song,The Decemberists,0.391,0.581,9,-5.481,0,0.0901,0.25,0,0.0861,0.459,83.587,audio_features,,0Xxul3NDFRPqJjAdBP5Exh,spotify:track:0Xxul3NDFRPqJjAdBP5Exh,https://api.spotify.com/v1/tracks/0Xxul3NDFRPqJjAdBP5Exh,https://api.spotify.com/v1/audio-analysis/0Xxul3NDFRPqJjAdBP5Exh,525933,4,liked
Cry for Judas,The Mountain Goats,0.58,0.773,9,-7.341,1,0.0409,0.0224,0.815,0.189,0.776,91.707,audio_features,,5KuJakrq1tNeF1c0WUua2j,spotify:track:5KuJakrq1tNeF1c0WUua2j,https://api.spotify.com/v1/tracks/5KuJakrq1tNeF1c0WUua2j,https://api.spotify.com/v1/audio-analysis/5KuJakrq1tNeF1c0WUua2j,192653,4,liked
Damn These Vampires,The Mountain Goats,0.592,0.273,2,-14.521,1,0.0399,0.584,0.0195,0.0944,0.304,99.452,audio_features,,6rfD0hu8Dgz7U2rD2HK1pZ,spotify:track:6rfD0hu8Dgz7U2rD2HK1pZ,https://api.spotify.com/v1/tracks/6rfD0hu8Dgz7U2rD2HK1pZ,https://api.spotify.com/v1/audio-analysis/6rfD0hu8Dgz7U2rD2HK1pZ,204067,4,liked
Rain in Soho,The Mountain Goats,0.633,0.796,6,-9.095,0,0.0436,0.343,0.826,0.104,0.412,127.685,audio_features,,3zmDm22r3qPLX9K91sagh2,spotify:track:3zmDm22r3qPLX9K91sagh2,https://api.spotify.com/v1/tracks/3zmDm22r3qPLX9K91sagh2,https://api.spotify.com/v1/audio-analysis/3zmDm22r3qPLX9K91sagh2,286213,4,liked
Fear & Delight,The Correspondents,0.705,0.869,10,-5.901,0,0.0519,0.0155,6.2e-06,0.107,0.535,101.983,audio_features,,7zyqJJ0QwajaHaPLCqZFXN,spotify:track:7zyqJJ0QwajaHaPLCqZFXN,https://api.spotify.com/v1/tracks/7zyqJJ0QwajaHaPLCqZFXN,https://api.spotify.com/v1/audio-analysis/7zyqJJ0QwajaHaPLCqZFXN,193800,4,liked
Inexplicable,The Correspondents,0.701,0.752,10,-7.575,0,0.0437,0.015,3.2e-05,0.108,0.282,141.955,audio_features,,3G05DblSK0kTRwE2SG7clZ,spotify:track:3G05DblSK0kTRwE2SG7clZ,https://api.spotify.com/v1/tracks/3G05DblSK0kTRwE2SG7clZ,https://api.spotify.com/v1/audio-analysis/3G05DblSK0kTRwE2SG7clZ,255787,4,liked
bad guy,Billie Eilish,0.701,0.425,7,-10.965,1,0.375,0.328,0.13,0.1,0.562,135.128,audio_features,,2Fxmhks0bxGSBdJ92vM42m,spotify:track:2Fxmhks0bxGSBdJ92vM42m,https://api.spotify.com/v1/tracks/2Fxmhks0bxGSBdJ92vM42m,https://api.spotify.com/v1/audio-analysis/2Fxmhks0bxGSBdJ92vM42m,194088,4,liked
It's Called: Freefall,Rainbow Kitten Surprise,0.744,0.516,2,-6.365,1,0.0513,0.632,0,0.605,0.281,97.944,audio_features,,474uVhyGgK5MtY9gMcDgGl,spotify:track:474uVhyGgK5MtY9gMcDgGl,https://api.spotify.com/v1/tracks/474uVhyGgK5MtY9gMcDgGl,https://api.spotify.com/v1/audio-analysis/474uVhyGgK5MtY9gMcDgGl,152293,4,liked
Crush,Tessa Violet,0.912,0.401,1,-9.536,1,0.0856,0.03,0.000141,0.08,0.82,135.995,audio_features,,47hDuWmh0PU9AARzs5vflv,spotify:track:47hDuWmh0PU9AARzs5vflv,https://api.spotify.com/v1/tracks/47hDuWmh0PU9AARzs5vflv,https://api.spotify.com/v1/audio-analysis/47hDuWmh0PU9AARzs5vflv,215832,4,liked
Bad Ideas,Tessa Violet,0.786,0.52,0,-7.554,0,0.281,0.602,0.00105,0.1,0.378,80.046,audio_features,,5mDoCVaqHmpqDyj28v666H,spotify:track:5mDoCVaqHmpqDyj28v666H,https://api.spotify.com/v1/tracks/5mDoCVaqHmpqDyj28v666H,https://api.spotify.com/v1/audio-analysis/5mDoCVaqHmpqDyj28v666H,179497,4,liked
Haze,Tessa Violet,0.783,0.503,2,-9.119,0,0.0656,0.0482,0.00102,0.116,0.435,120.053,audio_features,,0nb8EZAhGSMM66lrhLIsml,spotify:track:0nb8EZAhGSMM66lrhLIsml,https://api.spotify.com/v1/tracks/0nb8EZAhGSMM66lrhLIsml,https://api.spotify.com/v1/audio-analysis/0nb8EZAhGSMM66lrhLIsml,226440,4,liked
Crush,Tessa Violet,0.912,0.401,1,-9.536,1,0.0856,0.03,0.000141,0.08,0.82,135.995,audio_features,,47hDuWmh0PU9AARzs5vflv,spotify:track:47hDuWmh0PU9AARzs5vflv,https://api.spotify.com/v1/tracks/47hDuWmh0PU9AARzs5vflv,https://api.spotify.com/v1/audio-analysis/47hDuWmh0PU9AARzs5vflv,215832,4,liked
Seashore,The Regrettes,0.532,0.585,7,-4.517,1,0.0556,0.0546,0,0.0588,0.508,132.265,audio_features,,6kQ3W5LMxh6ftjEBssYgAd,spotify:track:6kQ3W5LMxh6ftjEBssYgAd,https://api.spotify.com/v1/tracks/6kQ3W5LMxh6ftjEBssYgAd,https://api.spotify.com/v1/audio-analysis/6kQ3W5LMxh6ftjEBssYgAd,208467,4,liked
Hey Now,The Regrettes,0.243,0.861,0,-2.566,1,0.0513,0.000315,2.77e-06,0.0638,0.737,183.826,audio_features,,41Y5xGsXi5rPot2l2i6Lkr,spotify:track:41Y5xGsXi5rPot2l2i6Lkr,https://api.spotify.com/v1/tracks/41Y5xGsXi5rPot2l2i6Lkr,https://api.spotify.com/v1/audio-analysis/41Y5xGsXi5rPot2l2i6Lkr,209667,4,liked
"You're an Ace, Kid",DEMONDICE,0.547,0.83,10,-5.392,0,0.296,0.433,1.76e-06,0.231,0.873,175.806,audio_features,,0zWCyUslGlKxCmvlbahEJU,spotify:track:0zWCyUslGlKxCmvlbahEJU,https://api.spotify.com/v1/tracks/0zWCyUslGlKxCmvlbahEJU,https://api.spotify.com/v1/audio-analysis/0zWCyUslGlKxCmvlbahEJU,237023,4,liked
Alkatraz,DEMONDICE,0.707,0.973,8,-2.547,1,0.128,0.481,0,0.0773,0.754,125.058,audio_features,,1240iIrz36cDxTopJMi37h,spotify:track:1240iIrz36cDxTopJMi37h,https://api.spotify.com/v1/tracks/1240iIrz36cDxTopJMi37h,https://api.spotify.com/v1/audio-analysis/1240iIrz36cDxTopJMi37h,215272,4,liked
Helpless,The Regrettes,0.496,0.843,9,-3.358,1,0.0537,0.000181,0.00024,0.35,0.703,163.955,audio_features,,7522DukIFj1ApjJ5ntF4od,spotify:track:7522DukIFj1ApjJ5ntF4od,https://api.spotify.com/v1/tracks/7522DukIFj1ApjJ5ntF4od,https://api.spotify.com/v1/audio-analysis/7522DukIFj1ApjJ5ntF4od,195403,4,liked
Wannabe,Tremantis,0.234,0.803,1,-7.242,1,0.0473,0.0184,0.0183,0.162,0.163,88.791,audio_features,,6QlmIKLfITR4ms73Bcra4I,spotify:track:6QlmIKLfITR4ms73Bcra4I,https://api.spotify.com/v1/tracks/6QlmIKLfITR4ms73Bcra4I,https://api.spotify.com/v1/audio-analysis/6QlmIKLfITR4ms73Bcra4I,199875,4,liked
Phobia,Tremantis,0.52,0.91,7,-6.889,1,0.0537,0.00123,0.00589,0.538,0.435,149.82,audio_features,,2yYg6eFs0lwnmv3rjtnqTZ,spotify:track:2yYg6eFs0lwnmv3rjtnqTZ,https://api.spotify.com/v1/tracks/2yYg6eFs0lwnmv3rjtnqTZ,https://api.spotify.com/v1/audio-analysis/2yYg6eFs0lwnmv3rjtnqTZ,168125,3,liked
Long Way Back,Tremantis,0.54,0.516,10,-9.824,1,0.024,0.497,0.11,0.104,0.397,79.975,audio_features,,6nKjQGxmF3SoBDylftwCia,spotify:track:6nKjQGxmF3SoBDylftwCia,https://api.spotify.com/v1/tracks/6nKjQGxmF3SoBDylftwCia,https://api.spotify.com/v1/audio-analysis/6nKjQGxmF3SoBDylftwCia,247500,4,liked
Wet Noodle,Tremantis,0.519,0.885,5,-6.009,1,0.0986,0.443,0.00315,0.0886,0.833,163.314,audio_features,,1xY3c98fxJpq60LgbiaZN1,spotify:track:1xY3c98fxJpq60LgbiaZN1,https://api.spotify.com/v1/tracks/1xY3c98fxJpq60LgbiaZN1,https://api.spotify.com/v1/audio-analysis/1xY3c98fxJpq60LgbiaZN1,154000,3,liked
Jasper,Tremantis,0.734,0.564,9,-9.985,1,0.0284,0.67,0.473,0.0616,0.887,99.96,audio_features,,2zgT4Ult7l9a8pAb02ywhr,spotify:track:2zgT4Ult7l9a8pAb02ywhr,https://api.spotify.com/v1/tracks/2zgT4Ult7l9a8pAb02ywhr,https://api.spotify.com/v1/audio-analysis/2zgT4Ult7l9a8pAb02ywhr,68500,4,liked
High Speed Chase,Tremantis,0.362,0.951,11,-6.47,1,0.106,0.00978,0.000768,0.869,0.256,180.085,audio_features,,6b2perGXFdaJmdGkb6GvG1,spotify:track:6b2perGXFdaJmdGkb6GvG1,https://api.spotify.com/v1/tracks/6b2perGXFdaJmdGkb6GvG1,https://api.spotify.com/v1/audio-analysis/6b2perGXFdaJmdGkb6GvG1,138000,4,liked
Between My Teeth,Orla Gartland,0.829,0.577,9,-5.269,0,0.0637,0.0812,0,0.027,0.601,123.97,audio_features,,7qoFhSKDXCgWeSiwOxOnS6,spotify:track:7qoFhSKDXCgWeSiwOxOnS6,https://api.spotify.com/v1/tracks/7qoFhSKDXCgWeSiwOxOnS6,https://api.spotify.com/v1/audio-analysis/7qoFhSKDXCgWeSiwOxOnS6,196094,4,liked
Anarchy,Egg,0.545,0.086,7,-21.644,1,0.106,0.973,0,0.136,0.602,83.667,audio_features,,7cxcMgTHKSZ25C0q1i50Dk,spotify:track:7cxcMgTHKSZ25C0q1i50Dk,https://api.spotify.com/v1/tracks/7cxcMgTHKSZ25C0q1i50Dk,https://api.spotify.com/v1/audio-analysis/7cxcMgTHKSZ25C0q1i50Dk,167879,4,liked
All Pride Aside with Summer Walker,Shelley FKA DRAM,0.643,0.581,8,-6.783,1,0.0565,0.079,0.000133,0.104,0.474,129.925,audio_features,,5xJqIMx7GZg4Lt1dRims0V,spotify:track:5xJqIMx7GZg4Lt1dRims0V,https://api.spotify.com/v1/tracks/5xJqIMx7GZg4Lt1dRims0V,https://api.spotify.com/v1/audio-analysis/5xJqIMx7GZg4Lt1dRims0V,258418,4,other
Set Him Up (feat. Ari Lennox),Queen Naija,0.762,0.527,1,-7.266,0,0.203,0.206,0.0086,0.0963,0.516,77.493,audio_features,,0FhfNle9FovXRL03awCJbe,spotify:track:0FhfNle9FovXRL03awCJbe,https://api.spotify.com/v1/tracks/0FhfNle9FovXRL03awCJbe,https://api.spotify.com/v1/audio-analysis/0FhfNle9FovXRL03awCJbe,222269,4,other
Come Through (feat. Chris Brown),H.E.R.,0.615,0.422,5,-8.019,0,0.0504,0.604,0,0.112,0.185,135.859,audio_features,,3krZxyBsWEHfEfJegYaWTd,spotify:track:3krZxyBsWEHfEfJegYaWTd,https://api.spotify.com/v1/tracks/3krZxyBsWEHfEfJegYaWTd,https://api.spotify.com/v1/audio-analysis/3krZxyBsWEHfEfJegYaWTd,214094,5,other
For Me,Vedo,0.677,0.523,0,-9.575,0,0.182,0.226,0,0.136,0.797,119.848,audio_features,,2jTovHL9JKMTErPbYtyOLs,spotify:track:2jTovHL9JKMTErPbYtyOLs,https://api.spotify.com/v1/tracks/2jTovHL9JKMTErPbYtyOLs,https://api.spotify.com/v1/audio-analysis/2jTovHL9JKMTErPbYtyOLs,191903,4,other
Twisted Fantasy,Justine Skye,0.783,0.859,10,-5.712,0,0.125,0.412,4.9e-05,0.113,0.538,100.99,audio_features,,23tZbR3A6G52shxX4CQg92,spotify:track:23tZbR3A6G52shxX4CQg92,https://api.spotify.com/v1/tracks/23tZbR3A6G52shxX4CQg92,https://api.spotify.com/v1/audio-analysis/23tZbR3A6G52shxX4CQg92,187923,4,other
In My Corner,ELHAE,0.678,0.47,1,-7.306,1,0.235,0.258,0,0.175,0.272,89.992,audio_features,,0T56FSDWcKwWfXy2MXAzZG,spotify:track:0T56FSDWcKwWfXy2MXAzZG,https://api.spotify.com/v1/tracks/0T56FSDWcKwWfXy2MXAzZG,https://api.spotify.com/v1/audio-analysis/0T56FSDWcKwWfXy2MXAzZG,188235,4,other
Bitch Don't Be Mad,Maeta,0.559,0.593,4,-5.443,0,0.294,0.633,0,0.0463,0.585,70.987,audio_features,,24WhLBcWByvFMrt8NNQ0ax,spotify:track:24WhLBcWByvFMrt8NNQ0ax,https://api.spotify.com/v1/tracks/24WhLBcWByvFMrt8NNQ0ax,https://api.spotify.com/v1/audio-analysis/24WhLBcWByvFMrt8NNQ0ax,185199,4,other
Gone,Jorja Smith,0.54,0.632,6,-8.244,0,0.139,0.352,0.00109,0.109,0.626,136.78,audio_features,,1wFwyUWoNFdr0Fl0QygxZ2,spotify:track:1wFwyUWoNFdr0Fl0QygxZ2,https://api.spotify.com/v1/tracks/1wFwyUWoNFdr0Fl0QygxZ2,https://api.spotify.com/v1/audio-analysis/1wFwyUWoNFdr0Fl0QygxZ2,195275,4,other
Bring it on Home to Me (feat. Charlie Bereal),BJ The Chicago Kid,0.338,0.369,10,-7.082,1,0.0332,0.806,1.36e-06,0.158,0.567,173.761,audio_features,,578ziqCj8ieyz7NLrZ31km,spotify:track:578ziqCj8ieyz7NLrZ31km,https://api.spotify.com/v1/tracks/578ziqCj8ieyz7NLrZ31km,https://api.spotify.com/v1/audio-analysis/578ziqCj8ieyz7NLrZ31km,201600,3,other
Worth It,Amber Mark,0.774,0.698,6,-7.072,0,0.27,0.17,0,0.095,0.337,92.062,audio_features,,7yeAu4xPWoTOGwQlQpgNZA,spotify:track:7yeAu4xPWoTOGwQlQpgNZA,https://api.spotify.com/v1/tracks/7yeAu4xPWoTOGwQlQpgNZA,https://api.spotify.com/v1/audio-analysis/7yeAu4xPWoTOGwQlQpgNZA,258527,4,other
F Love,Luh Kel,0.44,0.667,7,-8.397,1,0.0495,0.52,7.66e-05,0.222,0.276,122.839,audio_features,,0alq9IPCcxriy4LDjayEZA,spotify:track:0alq9IPCcxriy4LDjayEZA,https://api.spotify.com/v1/tracks/0alq9IPCcxriy4LDjayEZA,https://api.spotify.com/v1/audio-analysis/0alq9IPCcxriy4LDjayEZA,144390,4,other
Run,Otis Kane,0.756,0.732,7,-7.713,1,0.0692,0.00845,0.509,0.115,0.505,169.001,audio_features,,4xpuvoBYwMnUlISll0Jpmb,spotify:track:4xpuvoBYwMnUlISll0Jpmb,https://api.spotify.com/v1/tracks/4xpuvoBYwMnUlISll0Jpmb,https://api.spotify.com/v1/audio-analysis/4xpuvoBYwMnUlISll0Jpmb,156270,4,other
Nobody But You,Sonder,0.637,0.299,7,-11.314,1,0.0366,0.742,0,0.359,0.364,83.872,audio_features,,6VFKuuqSbA1GpMEosUgTwQ,spotify:track:6VFKuuqSbA1GpMEosUgTwQ,https://api.spotify.com/v1/tracks/6VFKuuqSbA1GpMEosUgTwQ,https://api.spotify.com/v1/audio-analysis/6VFKuuqSbA1GpMEosUgTwQ,213214,4,other
Boyz II Men,KIRBY,0.606,0.715,2,-4.114,0,0.0762,0.148,0,0.0522,0.436,74.52,audio_features,,5buGEKUWGl3pZYQ9sh3392,spotify:track:5buGEKUWGl3pZYQ9sh3392,https://api.spotify.com/v1/tracks/5buGEKUWGl3pZYQ9sh3392,https://api.spotify.com/v1/audio-analysis/5buGEKUWGl3pZYQ9sh3392,130532,4,other
Phone Dies,Andra Day,0.734,0.679,1,-8.873,1,0.082,0.0774,0.00432,0.177,0.53,113.729,audio_features,,1I00qI4bQZyKSQ5G5AnKcv,spotify:track:1I00qI4bQZyKSQ5G5AnKcv,https://api.spotify.com/v1/tracks/1I00qI4bQZyKSQ5G5AnKcv,https://api.spotify.com/v1/audio-analysis/1I00qI4bQZyKSQ5G5AnKcv,235789,4,other
Hard 4 Me 2 Love You,Sinead Harnett,0.368,0.283,0,-11.232,1,0.0368,0.805,6.36e-05,0.102,0.322,72.556,audio_features,,4YF1ucCHnZHQFxeLxtPLpS,spotify:track:4YF1ucCHnZHQFxeLxtPLpS,https://api.spotify.com/v1/tracks/4YF1ucCHnZHQFxeLxtPLpS,https://api.spotify.com/v1/audio-analysis/4YF1ucCHnZHQFxeLxtPLpS,230693,4,other
Love song,María Isabel,0.544,0.373,11,-12.172,0,0.0885,0.877,0.00107,0.0984,0.329,136.741,audio_features,,12ZIJvwUlRiu8KXomPkihd,spotify:track:12ZIJvwUlRiu8KXomPkihd,https://api.spotify.com/v1/tracks/12ZIJvwUlRiu8KXomPkihd,https://api.spotify.com/v1/audio-analysis/12ZIJvwUlRiu8KXomPkihd,207880,3,other
Cleopatra,Marzz,0.779,0.621,1,-5.771,0,0.0346,0.145,0,0.155,0.742,133.993,audio_features,,7L5v02KAUhLwsBCAGxLolx,spotify:track:7L5v02KAUhLwsBCAGxLolx,https://api.spotify.com/v1/tracks/7L5v02KAUhLwsBCAGxLolx,https://api.spotify.com/v1/audio-analysis/7L5v02KAUhLwsBCAGxLolx,200853,4,other
Situation,Ruth B.,0.686,0.589,7,-8.009,1,0.134,0.748,0.0205,0.0965,0.372,159.991,audio_features,,3bpiz3jxPzSBZQ1qw5hLuf,spotify:track:3bpiz3jxPzSBZQ1qw5hLuf,https://api.spotify.com/v1/tracks/3bpiz3jxPzSBZQ1qw5hLuf,https://api.spotify.com/v1/audio-analysis/3bpiz3jxPzSBZQ1qw5hLuf,210720,4,other
Passionate,Queen Naija,0.468,0.446,9,-6.996,1,0.0417,0.651,2.48e-06,0.171,0.172,137.982,audio_features,,5yhxcKL2OEEJJLwn8Aekve,spotify:track:5yhxcKL2OEEJJLwn8Aekve,https://api.spotify.com/v1/tracks/5yhxcKL2OEEJJLwn8Aekve,https://api.spotify.com/v1/audio-analysis/5yhxcKL2OEEJJLwn8Aekve,231483,4,other
Complicated,Yarah,0.687,0.285,11,-14.234,0,0.202,0.36,9.7e-06,0.0829,0.368,124.979,audio_features,,5PFjBc1ilRlWmjYjmFSFjB,spotify:track:5PFjBc1ilRlWmjYjmFSFjB,https://api.spotify.com/v1/tracks/5PFjBc1ilRlWmjYjmFSFjB,https://api.spotify.com/v1/audio-analysis/5PFjBc1ilRlWmjYjmFSFjB,225198,4,other
Cooking With Grease,Shelley FKA DRAM,0.547,0.523,7,-7.595,0,0.142,0.229,6.05e-06,0.101,0.408,169.569,audio_features,,1AXQGKyaAp4JbRjHnCTBIr,spotify:track:1AXQGKyaAp4JbRjHnCTBIr,https://api.spotify.com/v1/tracks/1AXQGKyaAp4JbRjHnCTBIr,https://api.spotify.com/v1/audio-analysis/1AXQGKyaAp4JbRjHnCTBIr,192797,4,other
Dynamite.,Gallant,0.358,0.356,8,-7.477,0,0.0543,0.799,0,0.196,0.231,81.154,audio_features,,5Jg9DV3m2umJpoHXV2e6j8,spotify:track:5Jg9DV3m2umJpoHXV2e6j8,https://api.spotify.com/v1/tracks/5Jg9DV3m2umJpoHXV2e6j8,https://api.spotify.com/v1/audio-analysis/5Jg9DV3m2umJpoHXV2e6j8,211347,4,other
Waiting,Shantel May,0.768,0.323,7,-8.456,1,0.0888,0.556,0,0.171,0.422,82.473,audio_features,,4MK4V81KxHqScXznPvgENh,spotify:track:4MK4V81KxHqScXznPvgENh,https://api.spotify.com/v1/tracks/4MK4V81KxHqScXznPvgENh,https://api.spotify.com/v1/audio-analysis/4MK4V81KxHqScXznPvgENh,240000,3,other
gold fronts (feat. Lil Wayne),Fousheé,0.479,0.442,6,-8.764,1,0.124,0.858,0,0.229,0.277,99.406,audio_features,,7yOEBtOgzkgN52pfM7SOnm,spotify:track:7yOEBtOgzkgN52pfM7SOnm,https://api.spotify.com/v1/tracks/7yOEBtOgzkgN52pfM7SOnm,https://api.spotify.com/v1/audio-analysis/7yOEBtOgzkgN52pfM7SOnm,235979,4,other
Insecure (feat. Pink Sweat$),Bren Joy,0.462,0.397,9,-5.72,1,0.115,0.857,0,0.091,0.298,154.955,audio_features,,13KLstO6ywva9h94FOqpeW,spotify:track:13KLstO6ywva9h94FOqpeW,https://api.spotify.com/v1/tracks/13KLstO6ywva9h94FOqpeW,https://api.spotify.com/v1/audio-analysis/13KLstO6ywva9h94FOqpeW,181183,4,other
My City ft. Masego,ELHAE,0.761,0.536,11,-7.487,0,0.119,0.0754,0,0.154,0.525,133.04,audio_features,,3Q8RBppQeYLLHafNb2cJTz,spotify:track:3Q8RBppQeYLLHafNb2cJTz,https://api.spotify.com/v1/tracks/3Q8RBppQeYLLHafNb2cJTz,https://api.spotify.com/v1/audio-analysis/3Q8RBppQeYLLHafNb2cJTz,190376,4,other
Awake (with Mahalia),Chiiild,0.504,0.579,5,-7.418,0,0.0423,0.315,0.0542,0.11,0.665,83.973,audio_features,,16X7VHcGISwJ93ott9RHeC,spotify:track:16X7VHcGISwJ93ott9RHeC,https://api.spotify.com/v1/tracks/16X7VHcGISwJ93ott9RHeC,https://api.spotify.com/v1/audio-analysis/16X7VHcGISwJ93ott9RHeC,228627,4,other
Caught Up (feat. Phony Ppl),VanJess,0.779,0.79,4,-4.778,0,0.111,0.0302,0.000134,0.109,0.557,112.941,audio_features,,0rvxWzdAmOr6hzBPyLxFvR,spotify:track:0rvxWzdAmOr6hzBPyLxFvR,https://api.spotify.com/v1/tracks/0rvxWzdAmOr6hzBPyLxFvR,https://api.spotify.com/v1/audio-analysis/0rvxWzdAmOr6hzBPyLxFvR,181800,4,other
Purple,Unusual Demont,0.652,0.449,1,-10.313,0,0.0635,0.0501,0,0.0819,0.454,135.009,audio_features,,0FrZlv2YeaeNoegY6ZwWJ3,spotify:track:0FrZlv2YeaeNoegY6ZwWJ3,https://api.spotify.com/v1/tracks/0FrZlv2YeaeNoegY6ZwWJ3,https://api.spotify.com/v1/audio-analysis/0FrZlv2YeaeNoegY6ZwWJ3,250643,4,other
Sweet Sensation,Otis Kane,0.664,0.535,7,-7.348,1,0.05,0.465,1.57e-06,0.27,0.361,85.154,audio_features,,0JvAFT6V106SHfkyVwhf4J,spotify:track:0JvAFT6V106SHfkyVwhf4J,https://api.spotify.com/v1/tracks/0JvAFT6V106SHfkyVwhf4J,https://api.spotify.com/v1/audio-analysis/0JvAFT6V106SHfkyVwhf4J,163509,4,other
Baby,ROE,0.828,0.526,9,-6.025,1,0.0723,0.0559,0.000162,0.0686,0.518,104.017,audio_features,,2ywblqGc9Uvw5aZAzCqTU8,spotify:track:2ywblqGc9Uvw5aZAzCqTU8,https://api.spotify.com/v1/tracks/2ywblqGc9Uvw5aZAzCqTU8,https://api.spotify.com/v1/audio-analysis/2ywblqGc9Uvw5aZAzCqTU8,212280,4,other
Mrs. Right Now,JRDN,0.683,0.519,9,-7.55,0,0.0964,0.23,0.00174,0.135,0.452,149.982,audio_features,,3PoPw7SMH37Ec6IAxuvpqH,spotify:track:3PoPw7SMH37Ec6IAxuvpqH,https://api.spotify.com/v1/tracks/3PoPw7SMH37Ec6IAxuvpqH,https://api.spotify.com/v1/audio-analysis/3PoPw7SMH37Ec6IAxuvpqH,268834,4,other
Toxic (ft. BEAM),Maeta,0.623,0.453,6,-9.196,1,0.0634,0.467,0,0.168,0.539,122.688,audio_features,,6HeH0KsT1kBXAv7UasipKE,spotify:track:6HeH0KsT1kBXAv7UasipKE,https://api.spotify.com/v1/tracks/6HeH0KsT1kBXAv7UasipKE,https://api.spotify.com/v1/audio-analysis/6HeH0KsT1kBXAv7UasipKE,189993,5,other
Space,AUDREY NUNA,0.483,0.215,9,-12.531,0,0.0652,0.924,0.0179,0.0954,0.131,69.305,audio_features,,0CtFIDCGTfn34IBYKkApU3,spotify:track:0CtFIDCGTfn34IBYKkApU3,https://api.spotify.com/v1/tracks/0CtFIDCGTfn34IBYKkApU3,https://api.spotify.com/v1/audio-analysis/0CtFIDCGTfn34IBYKkApU3,193396,3,other
Must Be Nice (feat. Masego),Joyce Wrice,0.716,0.689,6,-7.172,0,0.282,0.394,2.26e-06,0.332,0.865,96.953,audio_features,,2aruTLKMWUxWKHGSncjb5D,spotify:track:2aruTLKMWUxWKHGSncjb5D,https://api.spotify.com/v1/tracks/2aruTLKMWUxWKHGSncjb5D,https://api.spotify.com/v1/audio-analysis/2aruTLKMWUxWKHGSncjb5D,215100,4,other
Drunk - Orchestral Performance,Asiahn,0.34,0.338,6,-7.401,1,0.0338,0.826,0,0.528,0.547,101.336,audio_features,,7gJSRDyQW4ajgJ6yHHddQn,spotify:track:7gJSRDyQW4ajgJ6yHHddQn,https://api.spotify.com/v1/tracks/7gJSRDyQW4ajgJ6yHHddQn,https://api.spotify.com/v1/audio-analysis/7gJSRDyQW4ajgJ6yHHddQn,59137,4,other
Story of My Life,Ant Clemons,0.773,0.437,5,-7.739,1,0.0429,0.495,1.77e-05,0.184,0.495,122.145,audio_features,,4toets2O8r7X3RHsppIy9s,spotify:track:4toets2O8r7X3RHsppIy9s,https://api.spotify.com/v1/tracks/4toets2O8r7X3RHsppIy9s,https://api.spotify.com/v1/audio-analysis/4toets2O8r7X3RHsppIy9s,175640,4,other
FREEDOM,Jon Batiste,0.873,0.651,1,-4.179,1,0.0374,0.0251,0.000107,0.213,0.828,115.002,audio_features,,2QOB5UiRKggr2j9uMD3GYK,spotify:track:2QOB5UiRKggr2j9uMD3GYK,https://api.spotify.com/v1/tracks/2QOB5UiRKggr2j9uMD3GYK,https://api.spotify.com/v1/audio-analysis/2QOB5UiRKggr2j9uMD3GYK,178290,4,other
Silhouettes,K. Michelle,0.647,0.639,5,-6.657,1,0.0489,0.0491,2.56e-05,0.192,0.464,92.047,audio_features,,5aKRDpKlSC2pqttYNpRnJW,spotify:track:5aKRDpKlSC2pqttYNpRnJW,https://api.spotify.com/v1/tracks/5aKRDpKlSC2pqttYNpRnJW,https://api.spotify.com/v1/audio-analysis/5aKRDpKlSC2pqttYNpRnJW,212933,4,other
Esc.,Quincy,0.72,0.491,3,-10.969,0,0.0384,0.349,8e-05,0.125,0.489,95.011,audio_features,,40mRbvMHfJIN4vLJ7s2TcL,spotify:track:40mRbvMHfJIN4vLJ7s2TcL,https://api.spotify.com/v1/tracks/40mRbvMHfJIN4vLJ7s2TcL,https://api.spotify.com/v1/audio-analysis/40mRbvMHfJIN4vLJ7s2TcL,179368,4,other
"CINDERELLA, Pt. 2",CHIKA,0.58,0.317,6,-10.769,1,0.137,0.489,3.45e-06,0.112,0.338,176.959,audio_features,,1NsoJ2lSWD61hD4hRY5Qby,spotify:track:1NsoJ2lSWD61hD4hRY5Qby,https://api.spotify.com/v1/tracks/1NsoJ2lSWD61hD4hRY5Qby,https://api.spotify.com/v1/audio-analysis/1NsoJ2lSWD61hD4hRY5Qby,130882,3,other
On One,Joyce Wrice,0.683,0.669,1,-5.276,0,0.365,0.312,0,0.213,0.538,91.045,audio_features,,0evKTZ9MpgVcCd5TBvmeD6,spotify:track:0evKTZ9MpgVcCd5TBvmeD6,https://api.spotify.com/v1/tracks/0evKTZ9MpgVcCd5TBvmeD6,https://api.spotify.com/v1/audio-analysis/0evKTZ9MpgVcCd5TBvmeD6,205809,4,other
Freaky As Me (feat. Mulatto),Jacquees,0.68,0.544,11,-9.349,0,0.167,0.116,0,0.0903,0.515,139.958,audio_features,,3T6YpSTeFtJBLgGulRk5Mi,spotify:track:3T6YpSTeFtJBLgGulRk5Mi,https://api.spotify.com/v1/tracks/3T6YpSTeFtJBLgGulRk5Mi,https://api.spotify.com/v1/audio-analysis/3T6YpSTeFtJBLgGulRk5Mi,129664,4,other
Get To You,Trevor Jackson,0.572,0.325,9,-9.594,0,0.279,0.301,0,0.0959,0.382,134.409,audio_features,,6Nao5S6vnMgw10QZgaub1K,spotify:track:6Nao5S6vnMgw10QZgaub1K,https://api.spotify.com/v1/tracks/6Nao5S6vnMgw10QZgaub1K,https://api.spotify.com/v1/audio-analysis/6Nao5S6vnMgw10QZgaub1K,157452,4,other
Last Love,Sinead Harnett,0.592,0.668,1,-6.559,1,0.0571,0.079,0.000562,0.116,0.454,91.014,audio_features,,15hQDO74LAH1lXyqUDVNc4,spotify:track:15hQDO74LAH1lXyqUDVNc4,https://api.spotify.com/v1/tracks/15hQDO74LAH1lXyqUDVNc4,https://api.spotify.com/v1/audio-analysis/15hQDO74LAH1lXyqUDVNc4,153893,4,other
Fiji Fine,Bren Joy,0.701,0.631,0,-6.7,0,0.0461,0.443,0.000123,0.101,0.78,82.484,audio_features,,3Q0S0vFNDJviYsMaeo4wIi,spotify:track:3Q0S0vFNDJviYsMaeo4wIi,https://api.spotify.com/v1/tracks/3Q0S0vFNDJviYsMaeo4wIi,https://api.spotify.com/v1/audio-analysis/3Q0S0vFNDJviYsMaeo4wIi,180575,4,other
Intruded,Justine Skye,0.633,0.498,9,-5.722,1,0.0418,0.498,7.27e-06,0.173,0.371,107.223,audio_features,,0sWSdNGH0bsD3NqjXvSacf,spotify:track:0sWSdNGH0bsD3NqjXvSacf,https://api.spotify.com/v1/tracks/0sWSdNGH0bsD3NqjXvSacf,https://api.spotify.com/v1/audio-analysis/0sWSdNGH0bsD3NqjXvSacf,186368,4,other
June 1st,Ant Clemons,0.386,0.439,7,-9.336,0,0.0583,0.847,0,0.109,0.35,173.746,audio_features,,4sGytBCmSavdzoFQdXoTX2,spotify:track:4sGytBCmSavdzoFQdXoTX2,https://api.spotify.com/v1/tracks/4sGytBCmSavdzoFQdXoTX2,https://api.spotify.com/v1/audio-analysis/4sGytBCmSavdzoFQdXoTX2,111160,4,other
Too Sweet (feat. Unknown Mortal Orchestra),India Shawn,0.697,0.668,10,-6.274,0,0.0646,0.113,5.46e-05,0.239,0.642,119.764,audio_features,,1zw58wBujy79wxhOoxHxii,spotify:track:1zw58wBujy79wxhOoxHxii,https://api.spotify.com/v1/tracks/1zw58wBujy79wxhOoxHxii,https://api.spotify.com/v1/audio-analysis/1zw58wBujy79wxhOoxHxii,226506,4,other
